/Users/yl222/Desktop/UrbanWorldModelVisualizer/geometry_expansion/scripts/build_expansion_batch.py:28: DeprecationWarning: 'Material.use_nodes' is expected to be removed in Blender 6.0
  m=bpy.data.materials.new(spec['name']);m.use_nodes=True
INFO Draco is available, use library at /Applications/Blender.app/Contents/Resources/5.2/scripts/addons_core/io_scene_gltf2/libbf_intern_draco_bridge.dylib
INFO MeshOptimizer is available, use library at /Applications/Blender.app/Contents/Resources/5.2/scripts/addons_core/io_scene_gltf2/libbf_intern_meshopt_bridge.dylib
19:09:48 | INFO: Starting glTF 2.0 export
19:09:48 | INFO: Extracting primitive: 4 Queens Gate Place Mews | closed ten corner roof slab
19:09:48 | INFO: Primitives created: 1
19:09:48 | INFO: Extracting primitive: 4 Queens Gate Place Mews | corner brick piers
19:09:48 | INFO: Primitives created: 1
19:09:48 | INFO: Extracting primitive: 4 Queens Gate Place Mews | door glass fanlight
19:09:48 | INFO: Primitives created: 1
19:09:48 | INFO: Extracting primitive: 4 Queens Gate Place Mews | door handle
19:09:48 | INFO: Primitives created: 1
19:09:48 | INFO: Extracting primitive: 4 Queens Gate Place Mews | door transom
19:09:48 | INFO: Primitives created: 1
19:09:48 | INFO: Extracting primitive: 4 Queens Gate Place Mews | frame head
19:09:48 | INFO: Primitives created: 1
19:09:48 | INFO: Extracting primitive: 4 Queens Gate Place Mews | frame jambs
19:09:48 | INFO: Primitives created: 1
19:09:48 | INFO: Extracting primitive: 4 Queens Gate Place Mews | frame sill rail
19:09:48 | INFO: Primitives created: 1
19:09:48 | INFO: Extracting primitive: 4 Queens Gate Place Mews | front rear eaves
19:09:48 | INFO: Primitives created: 1
19:09:48 | INFO: Extracting primitive: 4 Queens Gate Place Mews | inward parapet
19:09:48 | INFO: Primitives created: 1
19:09:48 | INFO: Extracting primitive: 4 Queens Gate Place Mews | lintels
19:09:48 | INFO: Primitives created: 1
19:09:48 | INFO: Extracting primitive: 4 Queens Gate Place Mews | pierced masonry
19:09:48 | INFO: Primitives created: 1
19:09:48 | INFO: Extracting primitive: 4 Queens Gate Place Mews | plain first floor stringcourse
19:09:48 | INFO: Primitives created: 1
19:09:48 | INFO: Extracting primitive: 4 Queens Gate Place Mews | projecting sills
19:09:48 | INFO: Primitives created: 1
19:09:48 | INFO: Extracting primitive: 4 Queens Gate Place Mews | recessed door
19:09:48 | INFO: Primitives created: 1
19:09:48 | INFO: Extracting primitive: 4 Queens Gate Place Mews | recessed glazing
19:09:48 | INFO: Primitives created: 1
19:09:48 | INFO: Extracting primitive: 4 Queens Gate Place Mews | sash meeting rail
19:09:48 | INFO: Primitives created: 1
19:09:48 | INFO: Extracting primitive: 4 Queens Gate Place Mews | small brick eaves dentils
19:09:48 | INFO: Primitives created: 1
19:09:48 | INFO: Extracting primitive: finite entry approach from audited ground.002
19:09:48 | INFO: Primitives created: 1
19:09:48 | INFO: Extracting primitive: 4 Queens Gate Place Mews | threshold
19:09:48 | INFO: Primitives created: 1
19:09:48 | INFO: Extracting primitive: 4 Queens Gate Place Mews | upper sash vertical bar
19:09:49 | INFO: Primitives created: 1
19:09:49 | INFO: Extracting primitive: 5 Princes Gate Mews | closed upper roof slab
19:09:49 | INFO: Primitives created: 1
19:09:49 | INFO: Extracting primitive: 5 Princes Gate Mews | complete four point original footprint deck
19:09:49 | INFO: Primitives created: 1
19:09:49 | INFO: Extracting primitive: 5 Princes Gate Mews | contained continuous mitred eaves
19:09:49 | INFO: Primitives created: 1
19:09:49 | INFO: Extracting primitive: 5 Princes Gate Mews | deep inset glazing
19:09:49 | INFO: Primitives created: 1
19:09:49 | INFO: Extracting primitive: 5 Princes Gate Mews | deep mansard recessed glazing
19:09:49 | INFO: Primitives created: 1
19:09:49 | INFO: Extracting primitive: 5 Princes Gate Mews | deep projecting stone sill
19:09:49 | INFO: Primitives created: 1
19:09:49 | INFO: Extracting primitive: 5 Princes Gate Mews | door head frame
19:09:49 | INFO: Primitives created: 1
19:09:49 | INFO: Extracting primitive: 5 Princes Gate Mews | door jamb
19:09:49 | INFO: Primitives created: 1
19:09:49 | INFO: Extracting primitive: 5 Princes Gate Mews | door transom frame
19:09:49 | INFO: Primitives created: 1
19:09:49 | INFO: Extracting primitive: 5 Princes Gate Mews | door transom glazing
19:09:49 | INFO: Primitives created: 1
19:09:49 | INFO: Extracting primitive: 5 Princes Gate Mews | entrance stone jamb surround
19:09:49 | INFO: Primitives created: 1
19:09:49 | INFO: Extracting primitive: 5 Princes Gate Mews | estimated rear rainwater pipe
19:09:49 | INFO: Primitives created: 1
19:09:49 | INFO: Extracting primitive: 5 Princes Gate Mews | front and rear intermediate course
19:09:49 | INFO: Primitives created: 1
19:09:49 | INFO: Extracting primitive: 5 Princes Gate Mews | ground transom rail
19:09:49 | INFO: Primitives created: 1
19:09:49 | INFO: Extracting primitive: 5 Princes Gate Mews | inset door panels
19:09:49 | INFO: Primitives created: 1
19:09:49 | INFO: Extracting primitive: 5 Princes Gate Mews | mansard frame rails
19:09:49 | INFO: Primitives created: 1
19:09:49 | INFO: Extracting primitive: 5 Princes Gate Mews | mansard frame stiles
19:09:49 | INFO: Primitives created: 1
19:09:49 | INFO: Extracting primitive: 5 Princes Gate Mews | painted entrance leaf
19:09:49 | INFO: Primitives created: 1
19:09:49 | INFO: Extracting primitive: 5 Princes Gate Mews | pierced mansard slope
19:09:49 | INFO: Primitives created: 1
19:09:49 | INFO: Extracting primitive: 5 Princes Gate Mews | pierced wall piers
19:09:49 | INFO: Primitives created: 1
19:09:49 | INFO: Extracting primitive: 5 Princes Gate Mews | pipe fixing collars
19:09:49 | INFO: Primitives created: 1
19:09:49 | INFO: Extracting primitive: 5 Princes Gate Mews | recessed window bottom sash
19:09:49 | INFO: Primitives created: 1
19:09:49 | INFO: Extracting primitive: 5 Princes Gate Mews | recessed window outer sash
19:09:49 | INFO: Primitives created: 1
19:09:49 | INFO: Extracting primitive: 5 Princes Gate Mews | segmented low plinth
19:09:49 | INFO: Primitives created: 1
19:09:49 | INFO: Extracting primitive: 5 Princes Gate Mews | simple entrance lintel
19:09:49 | INFO: Primitives created: 1
19:09:49 | INFO: Extracting primitive: 5 Princes Gate Mews | simple stone window lintel
19:09:49 | INFO: Primitives created: 1
19:09:49 | INFO: Extracting primitive: 5 Princes Gate Mews | soldier-course header blocks
19:09:49 | INFO: Primitives created: 1
19:09:49 | INFO: Extracting primitive: 5 Princes Gate Mews | solid wall lintels
19:09:49 | INFO: Primitives created: 1
19:09:49 | INFO: Extracting primitive: finite entry approach from audited ground
19:09:49 | INFO: Primitives created: 1
19:09:49 | INFO: Extracting primitive: 5 Princes Gate Mews | tripartite mews casement mullions
19:09:49 | INFO: Primitives created: 1
19:09:49 | INFO: Extracting primitive: 5 Princes Gate Mews | upper sash glazing bars
19:09:49 | INFO: Primitives created: 1
19:09:49 | INFO: Extracting primitive: 5 Princes Gate Mews | upper sash meeting rail
19:09:49 | INFO: Primitives created: 1
19:09:49 | INFO: Extracting primitive: 5 Princes Gate Mews | wall below recessed apertures
19:09:49 | INFO: Primitives created: 1
19:09:49 | INFO: Extracting primitive: finite entry approach from audited ground.001
19:09:49 | INFO: Primitives created: 1
19:09:49 | INFO: Extracting primitive: 22 Queen’s Gate Mews | complete seven-point roof deck
19:09:49 | INFO: Primitives created: 1
19:09:49 | INFO: Extracting primitive: 22 Queen’s Gate Mews | door hardware
19:09:49 | INFO: Primitives created: 1
19:09:49 | INFO: Extracting primitive: 22 Queen’s Gate Mews | door recessed lower panel
19:09:49 | INFO: Primitives created: 1
19:09:49 | INFO: Extracting primitive: 22 Queen’s Gate Mews | door recessed upper panel
19:09:49 | INFO: Primitives created: 1
19:09:49 | INFO: Extracting primitive: 22 Queen’s Gate Mews | entrance leaves
19:09:49 | INFO: Primitives created: 1
19:09:49 | INFO: Extracting primitive: 22 Queen’s Gate Mews | entry transom
19:09:49 | INFO: Primitives created: 1
19:09:49 | INFO: Extracting primitive: 22 Queen’s Gate Mews | flush threshold
19:09:49 | INFO: Primitives created: 1
19:09:49 | INFO: Extracting primitive: 22 Queen’s Gate Mews | low mews roof parapet
19:09:49 | INFO: Primitives created: 1
19:09:49 | INFO: Extracting primitive: 22 Queen’s Gate Mews | painted sash frames
19:09:49 | INFO: Primitives created: 1
19:09:49 | INFO: Extracting primitive: 22 Queen’s Gate Mews | paired window center mullions
19:09:49 | INFO: Primitives created: 1
19:09:49 | INFO: Extracting primitive: 22 Queen’s Gate Mews | pierced muted masonry facades
19:09:49 | INFO: Primitives created: 1
19:09:49 | INFO: Extracting primitive: 22 Queen’s Gate Mews | plain brick plinth
19:09:49 | INFO: Primitives created: 1
19:09:49 | INFO: Extracting primitive: 22 Queen’s Gate Mews | plain eaves and floor course
19:09:49 | INFO: Primitives created: 1
19:09:49 | INFO: Extracting primitive: 22 Queen’s Gate Mews | plain entrance jambs
19:09:49 | INFO: Primitives created: 1
19:09:49 | INFO: Extracting primitive: 22 Queen’s Gate Mews | plain entrance lintel
19:09:49 | INFO: Primitives created: 1
19:09:49 | INFO: Extracting primitive: 22 Queen’s Gate Mews | plain sash transoms
19:09:49 | INFO: Primitives created: 1
19:09:49 | INFO: Extracting primitive: 22 Queen’s Gate Mews | recessed paired mews glazing
19:09:49 | INFO: Primitives created: 1
19:09:49 | INFO: Extracting primitive: 22 Queen’s Gate Mews | shallow parapet coping
19:09:49 | INFO: Primitives created: 1
19:09:49 | INFO: Extracting primitive: 22 Queen’s Gate Mews | stone window sills
19:09:49 | INFO: Primitives created: 1
19:09:49 | INFO: Extracting primitive: 22 Queen’s Gate Mews | subtle brick headers
19:09:49 | INFO: Primitives created: 1
19:09:49 | INFO: Finished glTF 2.0 export in 0.8542389869689941 s

19:09:51 | INFO: Data are loaded, start creating Blender stuff
19:09:51 | INFO: Blender create Mesh node 23 Kensington Gore | architraves
19:09:51 | INFO: Blender create Mesh node 23 Kensington Gore | door central stile
19:09:51 | INFO: Blender create Mesh node 23 Kensington Gore | door fanlight transom
19:09:51 | INFO: Blender create Mesh node 23 Kensington Gore | door hardware
19:09:51 | INFO: Blender create Mesh node 23 Kensington Gore | entry threshold
19:09:51 | INFO: Blender create Mesh node 23 Kensington Gore | estimated shallow hipped roof
19:09:51 | INFO: Blender create Mesh node 23 Kensington Gore | hood mouldings
19:09:51 | INFO: Blender create Mesh node 23 Kensington Gore | joinery
19:09:51 | INFO: Blender create Mesh node 23 Kensington Gore | mapped roof deck
19:09:51 | INFO: Blender create Mesh node 23 Kensington Gore | pierced wall
19:09:51 | INFO: Blender create Mesh node 23 Kensington Gore | recessed doors
19:09:51 | INFO: Blender create Mesh node 23 Kensington Gore | recessed glass
19:09:51 | INFO: Blender create Mesh node 23 Kensington Gore | roof coping
19:09:51 | INFO: Blender create Mesh node 23 Kensington Gore | roof lantern curb
19:09:51 | INFO: Blender create Mesh node 23 Kensington Gore | roof parapet
19:09:51 | INFO: Blender create Mesh node 23 Kensington Gore | sash mullions
19:09:51 | INFO: Blender create Mesh node 23 Kensington Gore | sills
19:09:51 | INFO: Blender create Mesh node 23 Kensington Gore | string courses and cornice
19:09:51 | INFO: Blender create Mesh node 23 Kensington Gore | window guards
19:09:52 | INFO: glTF import finished in 0.83s
19:09:52 | INFO: Data are loaded, start creating Blender stuff
19:09:52 | INFO: Blender create Mesh node 25 Kensington Gore | attic interior ceiling
19:09:52 | INFO: Blender create Mesh node 25 Kensington Gore | balcony handrail
19:09:52 | INFO: Blender create Mesh node 25 Kensington Gore | balcony support slabs
19:09:52 | INFO: Blender create Mesh node 25 Kensington Gore | black sash frames
19:09:52 | INFO: Blender create Mesh node 25 Kensington Gore | chimney caps
19:09:52 | INFO: Blender create Mesh node 25 Kensington Gore | continuous mitred cornices
19:09:52 | INFO: Blender create Mesh node 25 Kensington Gore | corner quoins
19:09:52 | INFO: Blender create Mesh node 25 Kensington Gore | cornice brackets
19:09:52 | INFO: Blender create Mesh node 25 Kensington Gore | coupled Ionic-inspired porch columns
19:09:52 | INFO: Blender create Mesh node 25 Kensington Gore | door head frame
19:09:52 | INFO: Blender create Mesh node 25 Kensington Gore | dormer masonry jambs
19:09:52 | INFO: Blender create Mesh node 25 Kensington Gore | dormer masonry lintel sill
19:09:52 | INFO: Blender create Mesh node 25 Kensington Gore | dormer recessed glazing
19:09:52 | INFO: Blender create Mesh node 25 Kensington Gore | dormer sash
19:09:52 | INFO: Blender create Mesh node 25 Kensington Gore | dressed architraves
19:09:52 | INFO: Blender create Mesh node 25 Kensington Gore | estimated chimney stacks
19:09:52 | INFO: Blender create Mesh node 25 Kensington Gore | mansard perimeter
19:09:52 | INFO: Blender create Mesh node 25 Kensington Gore | pedimented dormer roofs
19:09:52 | INFO: Blender create Mesh node 25 Kensington Gore | pedimented window hoods
19:09:52 | INFO: Blender create Mesh node 25 Kensington Gore | pierced stucco envelope
19:09:52 | INFO: Blender create Mesh node 25 Kensington Gore | porch entablature
19:09:53 | INFO: Blender create Mesh node 25 Kensington Gore | porch slab
19:09:53 | INFO: Blender create Mesh node 25 Kensington Gore | portico threshold
19:09:53 | INFO: Blender create Mesh node 25 Kensington Gore | projecting sills
19:09:53 | INFO: Blender create Mesh node 25 Kensington Gore | recessed door leaves
19:09:53 | INFO: Blender create Mesh node 25 Kensington Gore | recessed glazing
19:09:53 | INFO: Blender create Mesh node 25 Kensington Gore | segmental window hoods
19:09:53 | INFO: Blender create Mesh node 25 Kensington Gore | slate upper roof
19:09:54 | INFO: Blender create Mesh node 25 Kensington Gore | turned balcony balusters
19:09:57 | INFO: Blender create Mesh node 41–45 Jay Mews | concave roof membrane
19:09:57 | INFO: Blender create Mesh node 41–45 Jay Mews | door glass fanlight
19:09:57 | INFO: Blender create Mesh node 41–45 Jay Mews | door handle
19:09:57 | INFO: Blender create Mesh node 41–45 Jay Mews | door transom
19:09:57 | INFO: Blender create Mesh node 41–45 Jay Mews | lintels
19:09:57 | INFO: Blender create Mesh node 41–45 Jay Mews | low parapet
19:09:57 | INFO: Blender create Mesh node 41–45 Jay Mews | mitred coping
19:09:57 | INFO: Blender create Mesh node 41–45 Jay Mews | painted joinery
19:09:57 | INFO: Blender create Mesh node 41–45 Jay Mews | pierced masonry
19:09:58 | INFO: Blender create Mesh node 41–45 Jay Mews | pipe brackets
19:09:58 | INFO: Blender create Mesh node 41–45 Jay Mews | plain floor band
19:09:58 | INFO: Blender create Mesh node 41–45 Jay Mews | projecting sills
19:09:59 | INFO: Blender create Mesh node 41–45 Jay Mews | rainwater downpipes
19:09:59 | INFO: Blender create Mesh node 41–45 Jay Mews | recessed door
19:09:59 | INFO: Blender create Mesh node 41–45 Jay Mews | recessed glazing
19:09:59 | INFO: Blender create Mesh node 41–45 Jay Mews | simple eaves
19:09:59 | INFO: Blender create Mesh node 41–45 Jay Mews | threshold
19:09:59 | INFO: Blender create Mesh node 41–45 Jay Mews | window mullions
19:09:59 | INFO: Blender create Mesh node 41–45 Jay Mews | window transoms
19:09:59 | INFO: glTF import finished in 7.55s
19:10:00 | INFO: Data are loaded, start creating Blender stuff
19:10:00 | INFO: Blender create Mesh node 29 Exhibition Road | brass door hardware.001
19:10:00 | INFO: Blender create Mesh node 29 Exhibition Road | brick sills.001
19:10:00 | INFO: Blender create Mesh node 29 Exhibition Road | continuous cut brick cornices.001
19:10:00 | INFO: Blender create Mesh node 29 Exhibition Road | continuous roof edge flashing.001
19:10:00 | INFO: Blender create Mesh node 29 Exhibition Road | corner brick pilasters.001
19:10:00 | INFO: Blender create Mesh node 29 Exhibition Road | cut brick heads.001
19:10:00 | INFO: Blender create Mesh node 29 Exhibition Road | door center stile.001
19:10:00 | INFO: Blender create Mesh node 29 Exhibition Road | door leaves.001
19:10:00 | INFO: Blender create Mesh node 29 Exhibition Road | door transom.001
19:10:00 | INFO: Blender create Mesh node 29 Exhibition Road | entrance balcony balusters.001
19:10:00 | INFO: Blender create Mesh node 29 Exhibition Road | entrance balcony handrail.001
19:10:00 | INFO: Blender create Mesh node 29 Exhibition Road | entrance balcony slab.001
19:10:00 | INFO: Blender create Mesh node 29 Exhibition Road | entry threshold.001
19:10:00 | INFO: Blender create Mesh node 29 Exhibition Road | estimated northern hipped roof
19:10:00 | INFO: Blender create Mesh node 29 Exhibition Road | exact concave roof deck.001
19:10:00 | INFO: Blender create Mesh node 29 Exhibition Road | pierced brick walls.001
19:10:00 | INFO: Blender create Mesh node 29 Exhibition Road | radiating brick arch.001
19:10:00 | INFO: Blender create Mesh node 29 Exhibition Road | rear chimney cap
19:10:00 | INFO: Blender create Mesh node 29 Exhibition Road | rear chimney stack
19:10:00 | INFO: Blender create Mesh node 29 Exhibition Road | recessed sashes.001
19:10:00 | INFO: Blender create Mesh node 29 Exhibition Road | segmental arch infill.001
19:10:00 | INFO: Blender create Mesh node 29 Exhibition Road | small pane glazing bars.001
19:10:00 | INFO: Blender create Mesh node 29 Exhibition Road | split brick pediments.001
19:10:00 | INFO: Blender create Mesh node 29 Exhibition Road | timber sash frames.001
19:10:00 | INFO: Blender create Mesh node 84 Kensington Gore | complete mapped roof base cap
19:10:00 | INFO: Blender create Mesh node 84 Kensington Gore | door glass fanlight
19:10:00 | INFO: Blender create Mesh node 84 Kensington Gore | door handle
19:10:00 | INFO: Blender create Mesh node 84 Kensington Gore | door transom
19:10:00 | INFO: Blender create Mesh node 84 Kensington Gore | fine sash bars
19:10:00 | INFO: Blender create Mesh node 84 Kensington Gore | flush storey trim
19:10:00 | INFO: Blender create Mesh node 84 Kensington Gore | four asymmetric saltbox roof slopes
19:10:00 | INFO: Blender create Mesh node 84 Kensington Gore | inward eaves fascia
19:10:00 | INFO: Blender create Mesh node 84 Kensington Gore | painted joinery
19:10:00 | INFO: Blender create Mesh node 84 Kensington Gore | pierced masonry
19:10:00 | INFO: Blender create Mesh node 84 Kensington Gore | pipe brackets
19:10:00 | INFO: Blender create Mesh node 84 Kensington Gore | projecting sills
19:10:00 | INFO: Blender create Mesh node 84 Kensington Gore | rainwater downpipes
19:10:00 | INFO: Blender create Mesh node 84 Kensington Gore | recessed door
19:10:00 | INFO: Blender create Mesh node 84 Kensington Gore | recessed glazing
19:10:01 | INFO: Blender create Mesh node 84 Kensington Gore | saltbox perimeter infill
19:10:01 | INFO: Blender create Mesh node 84 Kensington Gore | segmental brick arch heads
19:10:01 | INFO: Blender create Mesh node 84 Kensington Gore | threshold
19:10:01 | INFO: Blender create Mesh node 84 Kensington Gore | window mullions
19:10:01 | INFO: Blender create Mesh node 84 Kensington Gore | window transoms
19:10:01 | INFO: Blender create Mesh node Jamaican High Commission | attic sash frames
19:10:01 | INFO: Blender create Mesh node Jamaican High Commission | attic sash glazing
19:10:01 | INFO: Blender create Mesh node Jamaican High Commission | baluster necks
19:10:01 | INFO: Blender create Mesh node Jamaican High Commission | balustrade top rail
19:10:01 | INFO: Blender create Mesh node Jamaican High Commission | brass door hardware
19:10:01 | INFO: Blender create Mesh node Jamaican High Commission | brick sills
19:10:01 | INFO: Blender create Mesh node Jamaican High Commission | central balcony slab
19:10:01 | INFO: Blender create Mesh node Jamaican High Commission | central dormer back panels
19:10:01 | INFO: Blender create Mesh node Jamaican High Commission | central dormer glazing
19:10:01 | INFO: Blender create Mesh node Jamaican High Commission | central dormer joinery
19:10:01 | INFO: Blender create Mesh node Jamaican High Commission | central dormer lintels
19:10:01 | INFO: Blender create Mesh node Jamaican High Commission | central dormer side jambs
19:10:01 | INFO: Blender create Mesh node Jamaican High Commission | central linking roof
19:10:01 | INFO: Blender create Mesh node Jamaican High Commission | central stone balustrade
19:10:01 | INFO: Blender create Mesh node Jamaican High Commission | chimney corbel caps
19:10:01 | INFO: Blender create Mesh node Jamaican High Commission | chimney pots
19:10:01 | INFO: Blender create Mesh node Jamaican High Commission | continuous cut brick cornices
19:10:01 | INFO: Blender create Mesh node Jamaican High Commission | continuous roof edge flashing
19:10:01 | INFO: Blender create Mesh node Jamaican High Commission | corner brick pilasters
19:10:01 | INFO: Blender create Mesh node Jamaican High Commission | cut brick heads
19:10:01 | INFO: Blender create Mesh node Jamaican High Commission | door center stile
19:10:01 | INFO: Blender create Mesh node Jamaican High Commission | door leaves
19:10:01 | INFO: Blender create Mesh node Jamaican High Commission | door transom
19:10:01 | INFO: Blender create Mesh node Jamaican High Commission | entry threshold
19:10:01 | INFO: Blender create Mesh node Jamaican High Commission | exact concave roof deck
19:10:01 | INFO: Blender create Mesh node Jamaican High Commission | finite portico supporting slab
19:10:01 | INFO: Blender create Mesh node Jamaican High Commission | paired steep red tiled roofs
19:10:01 | INFO: Blender create Mesh node Jamaican High Commission | pierced brick walls
19:10:01 | INFO: Blender create Mesh node Jamaican High Commission | pierced triangular attic gables
19:10:01 | INFO: Blender create Mesh node Jamaican High Commission | portico arch spandrels
19:10:01 | INFO: Blender create Mesh node Jamaican High Commission | portico brick piers
19:10:01 | INFO: Blender create Mesh node Jamaican High Commission | portico pier capitals
19:10:01 | INFO: Blender create Mesh node Jamaican High Commission | radiating brick arch
19:10:01 | INFO: Blender create Mesh node Jamaican High Commission | recessed sashes
19:10:01 | INFO: Blender create Mesh node Jamaican High Commission | roof ridge tiles
19:10:01 | INFO: Blender create Mesh node Jamaican High Commission | segmental arch infill
19:10:01 | INFO: Blender create Mesh node Jamaican High Commission | small pane glazing bars
19:10:01 | INFO: Blender create Mesh node Jamaican High Commission | split brick pediments
19:10:01 | INFO: Blender create Mesh node Jamaican High Commission | tall chimney stacks
19:10:01 | INFO: Blender create Mesh node Jamaican High Commission | timber sash frames
19:10:01 | INFO: Blender create Mesh node Jamaican High Commission | twin portico brick arches
19:10:01 | INFO: Blender create Mesh node Jay Mews 117010283 | concave roof membrane
19:10:01 | INFO: Blender create Mesh node Jay Mews 117010283 | door glass fanlight
19:10:01 | INFO: Blender create Mesh node Jay Mews 117010283 | door handle
19:10:01 | INFO: Blender create Mesh node Jay Mews 117010283 | door transom
19:10:01 | INFO: Blender create Mesh node Jay Mews 117010283 | fine sash bars
19:10:01 | INFO: Blender create Mesh node Jay Mews 117010283 | lintels
19:10:01 | INFO: Blender create Mesh node Jay Mews 117010283 | low parapet
19:10:01 | INFO: Blender create Mesh node Jay Mews 117010283 | mitred coping
19:10:01 | INFO: Blender create Mesh node Jay Mews 117010283 | painted joinery
19:10:01 | INFO: Blender create Mesh node Jay Mews 117010283 | pierced masonry
19:10:01 | INFO: Blender create Mesh node Jay Mews 117010283 | pipe brackets
19:10:01 | INFO: Blender create Mesh node Jay Mews 117010283 | projecting sills
19:10:01 | INFO: Blender create Mesh node Jay Mews 117010283 | projecting storey ledge
19:10:01 | INFO: Blender create Mesh node Jay Mews 117010283 | rainwater downpipes
19:10:01 | INFO: Blender create Mesh node Jay Mews 117010283 | recessed door
19:10:01 | INFO: Blender create Mesh node Jay Mews 117010283 | recessed glazing
19:10:01 | INFO: Blender create Mesh node Jay Mews 117010283 | simple eaves
19:10:01 | INFO: Blender create Mesh node Jay Mews 117010283 | threshold
19:10:01 | INFO: Blender create Mesh node Jay Mews 117010283 | window mullions
19:10:01 | INFO: Blender create Mesh node Jay Mews 117010283 | window transoms
19:10:02 | INFO: glTF import finished in 1.93s
19:10:02 | INFO: Data are loaded, start creating Blender stuff
19:10:02 | INFO: Blender create Mesh node Albert Close 642055723 | complete concave roof membrane
19:10:02 | INFO: Blender create Mesh node Albert Close 642055723 | door glass fanlight
19:10:02 | INFO: Blender create Mesh node Albert Close 642055723 | door handle
19:10:02 | INFO: Blender create Mesh node Albert Close 642055723 | door transom
19:10:02 | INFO: Blender create Mesh node Albert Close 642055723 | estimated hip roof curb
19:10:02 | INFO: Blender create Mesh node Albert Close 642055723 | estimated shallow hip roof
19:10:02 | INFO: Blender create Mesh node Albert Close 642055723 | flush floor course
19:10:02 | INFO: Blender create Mesh node Albert Close 642055723 | inward eaves
19:10:02 | INFO: Blender create Mesh node Albert Close 642055723 | lintels
19:10:02 | INFO: Blender create Mesh node Albert Close 642055723 | low parapet
19:10:02 | INFO: Blender create Mesh node Albert Close 642055723 | mitred coping
19:10:02 | INFO: Blender create Mesh node Albert Close 642055723 | painted joinery
19:10:02 | INFO: Blender create Mesh node Albert Close 642055723 | pierced masonry
19:10:02 | INFO: Blender create Mesh node Albert Close 642055723 | pipe brackets
19:10:02 | INFO: Blender create Mesh node Albert Close 642055723 | projecting sills
19:10:02 | INFO: Blender create Mesh node Albert Close 642055723 | rainwater downpipes
19:10:02 | INFO: Blender create Mesh node Albert Close 642055723 | recessed door
19:10:02 | INFO: Blender create Mesh node Albert Close 642055723 | recessed glazing
19:10:02 | INFO: Blender create Mesh node Albert Close 642055723 | threshold
19:10:02 | INFO: Blender create Mesh node Albert Close 642055723 | upper sash meeting rail
19:10:02 | INFO: Blender create Mesh node Albert Close 642055723 | window mullions
19:10:02 | INFO: Blender create Mesh node Albert Close 642055723 | window transoms
19:10:02 | INFO: Blender create Mesh node Jay Mews 117010293 | concave roof membrane
19:10:02 | INFO: Blender create Mesh node Jay Mews 117010293 | door glass fanlight
19:10:02 | INFO: Blender create Mesh node Jay Mews 117010293 | door handle
19:10:02 | INFO: Blender create Mesh node Jay Mews 117010293 | door transom
19:10:02 | INFO: Blender create Mesh node Jay Mews 117010293 | flush floor course
19:10:02 | INFO: Blender create Mesh node Jay Mews 117010293 | inward eaves
19:10:02 | INFO: Blender create Mesh node Jay Mews 117010293 | lintels
19:10:02 | INFO: Blender create Mesh node Jay Mews 117010293 | low parapet
19:10:02 | INFO: Blender create Mesh node Jay Mews 117010293 | mitred coping
19:10:02 | INFO: Blender create Mesh node Jay Mews 117010293 | painted joinery
19:10:02 | INFO: Blender create Mesh node Jay Mews 117010293 | pierced masonry
19:10:02 | INFO: Blender create Mesh node Jay Mews 117010293 | pierced masonry.001
19:10:02 | INFO: Blender create Mesh node Jay Mews 117010293 | pipe brackets
19:10:02 | INFO: Blender create Mesh node Jay Mews 117010293 | projecting sills
19:10:02 | INFO: Blender create Mesh node Jay Mews 117010293 | rainwater downpipes
19:10:02 | INFO: Blender create Mesh node Jay Mews 117010293 | recessed door
19:10:02 | INFO: Blender create Mesh node Jay Mews 117010293 | recessed glazing
19:10:02 | INFO: Blender create Mesh node Jay Mews 117010293 | threshold
19:10:02 | INFO: Blender create Mesh node Jay Mews 117010293 | upper sash meeting rail
19:10:02 | INFO: Blender create Mesh node Jay Mews 117010293 | window mullions
19:10:02 | INFO: Blender create Mesh node Jay Mews 117010293 | window transoms
19:10:02 | INFO: Blender create Mesh node Princes Gate Court | complete concave roof deck
19:10:02 | INFO: Blender create Mesh node Princes Gate Court | courtyard stone vertical bays
19:10:02 | INFO: Blender create Mesh node Princes Gate Court | door central stile
19:10:02 | INFO: Blender create Mesh node Princes Gate Court | door hardware
19:10:02 | INFO: Blender create Mesh node Princes Gate Court | dormer cap
19:10:02 | INFO: Blender create Mesh node Princes Gate Court | dormer front sill
19:10:02 | INFO: Blender create Mesh node Princes Gate Court | dormer rear closure
19:10:02 | INFO: Blender create Mesh node Princes Gate Court | entrance leaves
19:10:02 | INFO: Blender create Mesh node Princes Gate Court | entry transom
19:10:02 | INFO: Blender create Mesh node Princes Gate Court | flush threshold
19:10:02 | INFO: Blender create Mesh node Princes Gate Court | inset sloping roof ranges
19:10:02 | INFO: Blender create Mesh node Princes Gate Court | pale stone plinth
19:10:02 | INFO: Blender create Mesh node Princes Gate Court | pierced red brick facades
19:10:03 | INFO: Blender create Mesh node Princes Gate Court | recessed courtyard sashes
19:10:03 | INFO: Blender create Mesh node Princes Gate Court | recessed dormer glass
19:10:03 | INFO: Blender create Mesh node Princes Gate Court | red brick roof parapet
19:10:03 | INFO: Blender create Mesh node Princes Gate Court | small pane glazing bars
19:10:03 | INFO: Blender create Mesh node Princes Gate Court | stone entrance entablature
19:10:03 | INFO: Blender create Mesh node Princes Gate Court | stone entrance jambs
19:10:03 | INFO: Blender create Mesh node Princes Gate Court | stone parapet coping
19:10:03 | INFO: Blender create Mesh node Princes Gate Court | stone window sills
19:10:04 | INFO: Blender create Mesh node Princes Gate Court | subtle brick headers
19:10:04 | INFO: Blender create Mesh node Princes Gate Court | upper stone string courses
19:10:04 | INFO: Blender create Mesh node Princes Gate Court | white dormer cheek walls
19:10:04 | INFO: Blender create Mesh node Princes Gate Court | white dormer joinery
19:10:04 | INFO: Blender create Mesh node Princes Gate Court | white sash frames
19:10:05 | INFO: glTF import finished in 3.38s
19:10:06 | INFO: Data are loaded, start creating Blender stuff
19:10:06 | INFO: Blender create Mesh node Albert Close 642055721 | complete concave roof deck
19:10:06 | INFO: Blender create Mesh node Albert Close 642055721 | door central stile
19:10:06 | INFO: Blender create Mesh node Albert Close 642055721 | door hardware
19:10:06 | INFO: Blender create Mesh node Albert Close 642055721 | entrance leaves
19:10:06 | INFO: Blender create Mesh node Albert Close 642055721 | entry transom
19:10:06 | INFO: Blender create Mesh node Albert Close 642055721 | flush threshold
19:10:06 | INFO: Blender create Mesh node Albert Close 642055721 | painted sash frames
19:10:06 | INFO: Blender create Mesh node Albert Close 642055721 | pierced red brick facades
19:10:06 | INFO: Blender create Mesh node Albert Close 642055721 | plain brick plinth
19:10:06 | INFO: Blender create Mesh node Albert Close 642055721 | plain eaves and floor course
19:10:06 | INFO: Blender create Mesh node Albert Close 642055721 | plain sash mullions
19:10:06 | INFO: Blender create Mesh node Albert Close 642055721 | plain sash transoms
19:10:06 | INFO: Blender create Mesh node Albert Close 642055721 | recessed rear wing windows
19:10:06 | INFO: Blender create Mesh node Albert Close 642055721 | red brick roof parapet
19:10:06 | INFO: Blender create Mesh node Albert Close 642055721 | stone entrance entablature
19:10:06 | INFO: Blender create Mesh node Albert Close 642055721 | stone entrance jambs
19:10:06 | INFO: Blender create Mesh node Albert Close 642055721 | stone parapet coping
19:10:06 | INFO: Blender create Mesh node Albert Close 642055721 | stone window sills
19:10:06 | INFO: Blender create Mesh node Albert Close 642055721 | subtle brick headers
19:10:06 | INFO: Blender create Mesh node Albert Close 642055722 | brick header lintels
19:10:06 | INFO: Blender create Mesh node Albert Close 642055722 | complete mapped roof membrane
19:10:06 | INFO: Blender create Mesh node Albert Close 642055722 | door glass fanlight
19:10:06 | INFO: Blender create Mesh node Albert Close 642055722 | door handle
19:10:06 | INFO: Blender create Mesh node Albert Close 642055722 | door transom
19:10:06 | INFO: Blender create Mesh node Albert Close 642055722 | estimated internal shed roof curb
19:10:06 | INFO: Blender create Mesh node Albert Close 642055722 | estimated shallow shed roof
19:10:06 | INFO: Blender create Mesh node Albert Close 642055722 | flush floor course
19:10:06 | INFO: Blender create Mesh node Albert Close 642055722 | inward eaves
19:10:06 | INFO: Blender create Mesh node Albert Close 642055722 | low parapet
19:10:06 | INFO: Blender create Mesh node Albert Close 642055722 | mitred coping
19:10:06 | INFO: Blender create Mesh node Albert Close 642055722 | painted joinery
19:10:06 | INFO: Blender create Mesh node Albert Close 642055722 | pierced masonry
19:10:06 | INFO: Blender create Mesh node Albert Close 642055722 | pipe brackets
19:10:06 | INFO: Blender create Mesh node Albert Close 642055722 | projecting sills
19:10:06 | INFO: Blender create Mesh node Albert Close 642055722 | rainwater downpipes
19:10:06 | INFO: Blender create Mesh node Albert Close 642055722 | recessed door
19:10:06 | INFO: Blender create Mesh node Albert Close 642055722 | recessed glazing
19:10:06 | INFO: Blender create Mesh node Albert Close 642055722 | slim pale lintel accent
19:10:06 | INFO: Blender create Mesh node Albert Close 642055722 | threshold
19:10:06 | INFO: Blender create Mesh node Albert Close 642055722 | upper sash meeting rail
19:10:06 | INFO: Blender create Mesh node Albert Close 642055722 | window mullions
19:10:06 | INFO: Blender create Mesh node Albert Close 642055722 | window transoms
19:10:06 | INFO: Blender create Mesh node Mews outbuilding1154608369 | closed bottom slab
19:10:06 | INFO: Blender create Mesh node Mews outbuilding1154608369 | complete thin roof slab
19:10:06 | INFO: Blender create Mesh node Mews outbuilding1154608369 | continuous closed masonry perimeter
19:10:06 | INFO: Blender create Mesh node Mews outbuilding1154608369 | corner boundary strips
19:10:06 | INFO: Blender create Mesh node Mews outbuilding1154608369 | inset masonry base trim
19:10:06 | INFO: Blender create Mesh node Mews outbuilding1154608369 | low roof weather upstand
19:10:06 | INFO: Blender create Mesh node Mews outbuilding1154608369 | mitred coping
19:10:06 | INFO: Blender create Mesh node Mews outbuilding1154608369 | simple inward eaves fascia
19:10:06 | INFO: glTF import finished in 0.67s
19:10:07 | INFO: Data are loaded, start creating Blender stuff
19:10:07 | INFO: Blender create Mesh node Mews outbuilding1154608372 | closed bottom slab
19:10:07 | INFO: Blender create Mesh node Mews outbuilding1154608372 | complete thin roof slab
19:10:07 | INFO: Blender create Mesh node Mews outbuilding1154608372 | continuous closed masonry perimeter
19:10:07 | INFO: Blender create Mesh node Mews outbuilding1154608372 | corner boundary strips
19:10:07 | INFO: Blender create Mesh node Mews outbuilding1154608372 | inset masonry base trim
19:10:07 | INFO: Blender create Mesh node Mews outbuilding1154608372 | low mitred coping
19:10:07 | INFO: Blender create Mesh node Mews outbuilding1154608372 | low roof weather upstand
19:10:07 | INFO: Blender create Mesh node Mews outbuilding1154608372 | simple inward eaves fascia
19:10:07 | INFO: Blender create Mesh node Service building788306098 | closed bottom slab
19:10:07 | INFO: Blender create Mesh node Service building788306098 | closed roof seam strips
19:10:07 | INFO: Blender create Mesh node Service building788306098 | complete thin roof slab
19:10:07 | INFO: Blender create Mesh node Service building788306098 | continuous closed masonry perimeter
19:10:07 | INFO: Blender create Mesh node Service building788306098 | corner boundary strips
19:10:07 | INFO: Blender create Mesh node Service building788306098 | inset masonry base trim
19:10:07 | INFO: Blender create Mesh node Service building788306098 | low roof weather upstand
19:10:07 | INFO: Blender create Mesh node Service building788306098 | metal weather coping
19:10:07 | INFO: Blender create Mesh node Service building788306098 | simple inward eaves fascia
19:10:07 | INFO: Blender create Mesh node University wing 640976478 | casement toplight transoms
19:10:08 | INFO: Blender create Mesh node University wing 640976478 | complete concave roof deck
19:10:08 | INFO: Blender create Mesh node University wing 640976478 | door central stile
19:10:08 | INFO: Blender create Mesh node University wing 640976478 | door hardware
19:10:08 | INFO: Blender create Mesh node University wing 640976478 | entrance leaves
19:10:08 | INFO: Blender create Mesh node University wing 640976478 | entry transom
19:10:08 | INFO: Blender create Mesh node University wing 640976478 | flush threshold
19:10:08 | INFO: Blender create Mesh node University wing 640976478 | metal casement frames
19:10:08 | INFO: Blender create Mesh node University wing 640976478 | paired casement mullions
19:10:08 | INFO: Blender create Mesh node University wing 640976478 | pierced red brick facades
19:10:09 | INFO: Blender create Mesh node University wing 640976478 | plain brick plinth
19:10:09 | INFO: Blender create Mesh node University wing 640976478 | plain eaves and floor course
19:10:09 | INFO: Blender create Mesh node University wing 640976478 | recessed university casements
19:10:09 | INFO: Blender create Mesh node University wing 640976478 | red brick roof parapet
19:10:09 | INFO: Blender create Mesh node University wing 640976478 | shallow vertical facade piers
19:10:09 | INFO: Blender create Mesh node University wing 640976478 | stone entrance entablature
19:10:09 | INFO: Blender create Mesh node University wing 640976478 | stone entrance jambs
19:10:09 | INFO: Blender create Mesh node University wing 640976478 | stone parapet coping
19:10:09 | INFO: Blender create Mesh node University wing 640976478 | stone window sills
19:10:09 | INFO: Blender create Mesh node University wing 640976478 | subtle brick headers
19:10:10 | INFO: glTF import finished in 2.43s
19:10:10 | INFO: Data are loaded, start creating Blender stuff
19:10:10 | INFO: Blender create Mesh node Campus rear 1133279024 | casement toplight transoms
19:10:10 | INFO: Blender create Mesh node Campus rear 1133279024 | complete concave roof deck
19:10:10 | INFO: Blender create Mesh node Campus rear 1133279024 | door central stile
19:10:10 | INFO: Blender create Mesh node Campus rear 1133279024 | door hardware
19:10:10 | INFO: Blender create Mesh node Campus rear 1133279024 | entrance leaves
19:10:10 | INFO: Blender create Mesh node Campus rear 1133279024 | entry transom
19:10:10 | INFO: Blender create Mesh node Campus rear 1133279024 | flush threshold
19:10:10 | INFO: Blender create Mesh node Campus rear 1133279024 | metal casement frames
19:10:10 | INFO: Blender create Mesh node Campus rear 1133279024 | paired casement mullions
19:10:10 | INFO: Blender create Mesh node Campus rear 1133279024 | pierced service wing masonry
19:10:11 | INFO: Blender create Mesh node Campus rear 1133279024 | plain brick plinth
19:10:11 | INFO: Blender create Mesh node Campus rear 1133279024 | plain eaves and floor course
19:10:11 | INFO: Blender create Mesh node Campus rear 1133279024 | recessed service wing casements
19:10:11 | INFO: Blender create Mesh node Campus rear 1133279024 | service wing parapet
19:10:11 | INFO: Blender create Mesh node Campus rear 1133279024 | stone entrance entablature
19:10:11 | INFO: Blender create Mesh node Campus rear 1133279024 | stone entrance jambs
19:10:11 | INFO: Blender create Mesh node Campus rear 1133279024 | stone parapet coping
19:10:11 | INFO: Blender create Mesh node Campus rear 1133279024 | stone window sills
19:10:11 | INFO: Blender create Mesh node Campus rear 1133279024 | subtle brick headers
19:10:11 | INFO: Blender create Mesh node Queens Gate rear703836510 | concave roof membrane
19:10:11 | INFO: Blender create Mesh node Queens Gate rear703836510 | door glass fanlight
19:10:11 | INFO: Blender create Mesh node Queens Gate rear703836510 | door handle
19:10:11 | INFO: Blender create Mesh node Queens Gate rear703836510 | door transom
19:10:11 | INFO: Blender create Mesh node Queens Gate rear703836510 | flush floor course
19:10:11 | INFO: Blender create Mesh node Queens Gate rear703836510 | inward eaves
19:10:11 | INFO: Blender create Mesh node Queens Gate rear703836510 | lintels
19:10:11 | INFO: Blender create Mesh node Queens Gate rear703836510 | low parapet
19:10:11 | INFO: Blender create Mesh node Queens Gate rear703836510 | mitred coping
19:10:11 | INFO: Blender create Mesh node Queens Gate rear703836510 | painted joinery
19:10:11 | INFO: Blender create Mesh node Queens Gate rear703836510 | pierced masonry
19:10:11 | INFO: Blender create Mesh node Queens Gate rear703836510 | pipe brackets
19:10:11 | INFO: Blender create Mesh node Queens Gate rear703836510 | projecting sills
19:10:11 | INFO: Blender create Mesh node Queens Gate rear703836510 | rainwater downpipes
19:10:12 | INFO: Blender create Mesh node Queens Gate rear703836510 | recessed door
19:10:12 | INFO: Blender create Mesh node Queens Gate rear703836510 | recessed glazing
19:10:12 | INFO: Blender create Mesh node Queens Gate rear703836510 | threshold
19:10:12 | INFO: Blender create Mesh node Queens Gate rear703836510 | upper sash meeting rail
19:10:12 | INFO: Blender create Mesh node Queens Gate rear703836510 | window mullions
19:10:12 | INFO: Blender create Mesh node Queens Gate rear703836510 | window transoms
19:10:12 | INFO: glTF import finished in 2.33s
19:10:13 | INFO: Data are loaded, start creating Blender stuff
19:10:13 | INFO: Blender create Mesh node Museum Lane link850528336 | arched masonry
19:10:13 | INFO: Blender create Mesh node Museum Lane link850528336 | central triangular pediment
19:10:13 | INFO: Blender create Mesh node Museum Lane link850528336 | complete polygon roof
19:10:13 | INFO: Blender create Mesh node Museum Lane link850528336 | dark joinery
19:10:13 | INFO: Blender create Mesh node Museum Lane link850528336 | intentional_gate
19:10:13 | INFO: Blender create Mesh node Museum Lane link850528336 | passage side reveals
19:10:13 | INFO: Blender create Mesh node Museum Lane link850528336 | pierced stone
19:10:13 | INFO: Blender create Mesh node Museum Lane link850528336 | recessed door
19:10:13 | INFO: Blender create Mesh node Museum Lane link850528336 | recessed window
19:10:14 | INFO: Blender create Mesh node Museum Lane link850528336 | roof sealed edge
19:10:14 | INFO: Blender create Mesh node Museum Lane link850528336 | stone cornice
19:10:14 | INFO: Blender create Mesh node Museum Lane link850528336 | stone walls
19:10:14 | INFO: Blender create Mesh node Museum Lane link850528336 | upper pierced stone
19:10:14 | INFO: Blender create Mesh node Museum Lane link850528336 | upper stone window surround
19:10:14 | INFO: Blender create Mesh node Museum Lane link850528336 | vaulted passage intrados
19:10:14 | INFO: Blender create Mesh node Museum service infill 850528335 | casement toplight transoms
19:10:14 | INFO: Blender create Mesh node Museum service infill 850528335 | complete concave roof deck
19:10:14 | INFO: Blender create Mesh node Museum service infill 850528335 | door central stile
19:10:14 | INFO: Blender create Mesh node Museum service infill 850528335 | door hardware
19:10:14 | INFO: Blender create Mesh node Museum service infill 850528335 | entrance leaves
19:10:14 | INFO: Blender create Mesh node Museum service infill 850528335 | entry transom
19:10:14 | INFO: Blender create Mesh node Museum service infill 850528335 | flush threshold
19:10:14 | INFO: Blender create Mesh node Museum service infill 850528335 | metal casement frames
19:10:14 | INFO: Blender create Mesh node Museum service infill 850528335 | paired casement mullions
19:10:14 | INFO: Blender create Mesh node Museum service infill 850528335 | pierced service wing masonry
19:10:14 | INFO: Blender create Mesh node Museum service infill 850528335 | plain brick plinth
19:10:14 | INFO: Blender create Mesh node Museum service infill 850528335 | plain eaves and floor course
19:10:14 | INFO: Blender create Mesh node Museum service infill 850528335 | recessed service wing casements
19:10:14 | INFO: Blender create Mesh node Museum service infill 850528335 | service wing parapet
19:10:14 | INFO: Blender create Mesh node Museum service infill 850528335 | stone entrance entablature
19:10:14 | INFO: Blender create Mesh node Museum service infill 850528335 | stone entrance jambs
19:10:14 | INFO: Blender create Mesh node Museum service infill 850528335 | stone parapet coping
19:10:14 | INFO: Blender create Mesh node Museum service infill 850528335 | stone window sills
19:10:14 | INFO: Blender create Mesh node Museum service infill 850528335 | subtle brick headers
19:10:14 | INFO: Blender create Mesh node finite passage supporting slab
19:10:15 | INFO: glTF import finished in 2.01s
19:10:15 | INFO: Data are loaded, start creating Blender stuff
19:10:15 | INFO: Blender create Mesh node finite entry approach from audited ground.001
19:10:15 | INFO: Blender create Mesh node 1 Hyde Park Gate | complete concave roof deck
19:10:15 | INFO: Blender create Mesh node 1 Hyde Park Gate | complete inset mansard top
19:10:15 | INFO: Blender create Mesh node 1 Hyde Park Gate | door central stile
19:10:15 | INFO: Blender create Mesh node 1 Hyde Park Gate | door hardware
19:10:15 | INFO: Blender create Mesh node 1 Hyde Park Gate | entrance leaves
19:10:15 | INFO: Blender create Mesh node 1 Hyde Park Gate | entry transom
19:10:15 | INFO: Blender create Mesh node 1 Hyde Park Gate | flush threshold
19:10:15 | INFO: Blender create Mesh node 1 Hyde Park Gate | hood console blocks
19:10:16 | INFO: Blender create Mesh node 1 Hyde Park Gate | mansard curved head solid closure
19:10:16 | INFO: Blender create Mesh node 1 Hyde Park Gate | mansard dormer closed back
19:10:16 | INFO: Blender create Mesh node 1 Hyde Park Gate | mansard dormer closed cheeks
19:10:16 | INFO: Blender create Mesh node 1 Hyde Park Gate | mansard dormer closed top
19:10:16 | INFO: Blender create Mesh node 1 Hyde Park Gate | mansard dormer lower apron
19:10:16 | INFO: Blender create Mesh node 1 Hyde Park Gate | mansard dormer upright frames
19:10:16 | INFO: Blender create Mesh node 1 Hyde Park Gate | mansard recessed glazing
19:10:16 | INFO: Blender create Mesh node 1 Hyde Park Gate | mansard rounded arch frames
19:10:16 | INFO: Blender create Mesh node 1 Hyde Park Gate | mansard sash mullion
19:10:16 | INFO: Blender create Mesh node 1 Hyde Park Gate | mansard sash transom
19:10:16 | INFO: Blender create Mesh node 1 Hyde Park Gate | moulded window hood
19:10:16 | INFO: Blender create Mesh node 1 Hyde Park Gate | observed mansard sloping skin
19:10:16 | INFO: Blender create Mesh node 1 Hyde Park Gate | painted sash frames
19:10:17 | INFO: Blender create Mesh node 1 Hyde Park Gate | pierced stucco elevations
19:10:17 | INFO: Blender create Mesh node 1 Hyde Park Gate | plain brick plinth
19:10:17 | INFO: Blender create Mesh node 1 Hyde Park Gate | plain eaves and floor course
19:10:17 | INFO: Blender create Mesh node 1 Hyde Park Gate | recessed townhouse sash glazing
19:10:17 | INFO: Blender create Mesh node 1 Hyde Park Gate | sash glazing bars
19:10:18 | INFO: Blender create Mesh node 1 Hyde Park Gate | sash meeting rails
19:10:18 | INFO: Blender create Mesh node 1 Hyde Park Gate | single tower corner parapet pier
19:10:18 | INFO: Blender create Mesh node 1 Hyde Park Gate | stone entrance entablature
19:10:18 | INFO: Blender create Mesh node 1 Hyde Park Gate | stone entrance jambs
19:10:18 | INFO: Blender create Mesh node 1 Hyde Park Gate | stone parapet coping
19:10:18 | INFO: Blender create Mesh node 1 Hyde Park Gate | stone window sills
19:10:18 | INFO: Blender create Mesh node 1 Hyde Park Gate | stucco attic parapet
19:10:18 | INFO: Blender create Mesh node 1 Hyde Park Gate | tower arch spandrels
19:10:18 | INFO: Blender create Mesh node 1 Hyde Park Gate | tower closed flat roof
19:10:18 | INFO: Blender create Mesh node 1 Hyde Park Gate | tower corner pilasters
19:10:18 | INFO: Blender create Mesh node 1 Hyde Park Gate | tower layered cornice
19:10:18 | INFO: Blender create Mesh node 1 Hyde Park Gate | tower parapet balusters
19:10:18 | INFO: Blender create Mesh node 1 Hyde Park Gate | tower parapet handrail
19:10:18 | INFO: Blender create Mesh node 1 Hyde Park Gate | tower parapet solid plinth
19:10:18 | INFO: Blender create Mesh node 1 Hyde Park Gate | tower pierced upper walls
19:10:18 | INFO: Blender create Mesh node 1 Hyde Park Gate | tower recessed arched glazing
19:10:18 | INFO: Blender create Mesh node 1 Hyde Park Gate | tower rounded window heads
19:10:19 | INFO: Blender create Mesh node 1 Hyde Park Gate | tower window jamb trim
19:10:19 | INFO: Blender create Mesh node 1 Hyde Park Gate | tower window sill
19:10:19 | INFO: Blender create Mesh node 1 Hyde Park Gate | window architrave sides
19:10:19 | INFO: Blender create Mesh node finite porch support.001
19:10:19 | INFO: Blender create Mesh node finite entry approach from audited ground.002
19:10:19 | INFO: Blender create Mesh node 1–2 Queens Gate | arched window solid spandrels
19:10:19 | INFO: Blender create Mesh node 1–2 Queens Gate | balcony turned balusters
19:10:20 | INFO: Blender create Mesh node 1–2 Queens Gate | balustrade handrail
19:10:20 | INFO: Blender create Mesh node 1–2 Queens Gate | complete concave roof deck
19:10:20 | INFO: Blender create Mesh node 1–2 Queens Gate | door central stile
19:10:20 | INFO: Blender create Mesh node 1–2 Queens Gate | door hardware
19:10:20 | INFO: Blender create Mesh node 1–2 Queens Gate | Doric portico plinth
19:10:20 | INFO: Blender create Mesh node 1–2 Queens Gate | Doric square abacus
19:10:20 | INFO: Blender create Mesh node 1–2 Queens Gate | entrance leaves
19:10:20 | INFO: Blender create Mesh node 1–2 Queens Gate | entry transom
19:10:20 | INFO: Blender create Mesh node 1–2 Queens Gate | flush threshold
19:10:20 | INFO: Blender create Mesh node 1–2 Queens Gate | hood console blocks
19:10:20 | INFO: Blender create Mesh node 1–2 Queens Gate | moulded window hood
19:10:20 | INFO: Blender create Mesh node 1–2 Queens Gate | painted sash frames
19:10:21 | INFO: Blender create Mesh node 1–2 Queens Gate | paired Doric entrance columns
19:10:21 | INFO: Blender create Mesh node 1–2 Queens Gate | pierced stucco elevations
19:10:21 | INFO: Blender create Mesh node 1–2 Queens Gate | plain brick plinth
19:10:21 | INFO: Blender create Mesh node 1–2 Queens Gate | plain eaves and floor course
19:10:21 | INFO: Blender create Mesh node 1–2 Queens Gate | portico entablature closed canopy
19:10:21 | INFO: Blender create Mesh node 1–2 Queens Gate | portico upper moulding
19:10:21 | INFO: Blender create Mesh node 1–2 Queens Gate | recessed townhouse sash glazing
19:10:21 | INFO: Blender create Mesh node 1–2 Queens Gate | sash glazing bars
19:10:21 | INFO: Blender create Mesh node 1–2 Queens Gate | sash meeting rails
19:10:21 | INFO: Blender create Mesh node 1–2 Queens Gate | stone entrance entablature
19:10:21 | INFO: Blender create Mesh node 1–2 Queens Gate | stone entrance jambs
19:10:21 | INFO: Blender create Mesh node 1–2 Queens Gate | stone parapet coping
19:10:21 | INFO: Blender create Mesh node 1–2 Queens Gate | stone window sills
19:10:21 | INFO: Blender create Mesh node 1–2 Queens Gate | stucco attic parapet
19:10:21 | INFO: Blender create Mesh node 1–2 Queens Gate | third floor curved arch surrounds
19:10:21 | INFO: Blender create Mesh node 1–2 Queens Gate | window architrave sides
19:10:21 | INFO: Blender create Mesh node finite porch support
19:10:21 | INFO: Blender create Mesh node finite entry approach from audited ground
19:10:22 | INFO: Blender create Mesh node Cheval Hyde Park Gate | aperture stone surround
19:10:22 | INFO: Blender create Mesh node Cheval Hyde Park Gate | balcony cap rail
19:10:22 | INFO: Blender create Mesh node Cheval Hyde Park Gate | balcony turned balusters
19:10:23 | INFO: Blender create Mesh node Cheval Hyde Park Gate | continuous mitred cornices
19:10:23 | INFO: Blender create Mesh node Cheval Hyde Park Gate | curved window head masonry
19:10:23 | INFO: Blender create Mesh node Cheval Hyde Park Gate | door jamb
19:10:23 | INFO: Blender create Mesh node Cheval Hyde Park Gate | door leaf raised panels
19:10:23 | INFO: Blender create Mesh node Cheval Hyde Park Gate | door lintel frame
19:10:23 | INFO: Blender create Mesh node Cheval Hyde Park Gate | Doric entrance porch columns
19:10:23 | INFO: Blender create Mesh node Cheval Hyde Park Gate | Doric porch entablature
19:10:23 | INFO: Blender create Mesh node Cheval Hyde Park Gate | dormer central sash
19:10:23 | INFO: Blender create Mesh node Cheval Hyde Park Gate | dormer jambs
19:10:23 | INFO: Blender create Mesh node Cheval Hyde Park Gate | dormer recessed glass
19:10:23 | INFO: Blender create Mesh node Cheval Hyde Park Gate | dormer side cheeks
19:10:23 | INFO: Blender create Mesh node Cheval Hyde Park Gate | dormer sill
19:10:23 | INFO: Blender create Mesh node Cheval Hyde Park Gate | dormer top flashing
19:10:23 | INFO: Blender create Mesh node Cheval Hyde Park Gate | entrance leaf
19:10:23 | INFO: Blender create Mesh node Cheval Hyde Park Gate | estimated recessed attic mansard
19:10:23 | INFO: Blender create Mesh node Cheval Hyde Park Gate | first floor balcony deck
19:10:23 | INFO: Blender create Mesh node Cheval Hyde Park Gate | first floor Ionic shafts
19:10:23 | INFO: Blender create Mesh node Cheval Hyde Park Gate | full concave footprint roof
19:10:23 | INFO: Blender create Mesh node Cheval Hyde Park Gate | full depth wall piers
19:10:23 | INFO: Blender create Mesh node Cheval Hyde Park Gate | Ionic capital volute blocks
19:10:23 | INFO: Blender create Mesh node Cheval Hyde Park Gate | mansard front end slopes
19:10:23 | INFO: Blender create Mesh node Cheval Hyde Park Gate | mansard front pierced roof
19:10:23 | INFO: Blender create Mesh node Cheval Hyde Park Gate | parapet continuous upstand
19:10:23 | INFO: Blender create Mesh node Cheval Hyde Park Gate | parapet finial plinths
19:10:23 | INFO: Blender create Mesh node Cheval Hyde Park Gate | porch triglyph blocks
19:10:23 | INFO: Blender create Mesh node Cheval Hyde Park Gate | projecting window sill
19:10:23 | INFO: Blender create Mesh node Cheval Hyde Park Gate | recessed glazing
19:10:23 | INFO: Blender create Mesh node Cheval Hyde Park Gate | rounded dormer heads
19:10:23 | INFO: Blender create Mesh node Cheval Hyde Park Gate | rusticated stucco course edges
19:10:23 | INFO: Blender create Mesh node Cheval Hyde Park Gate | sash central mullion
19:10:23 | INFO: Blender create Mesh node Cheval Hyde Park Gate | sash jamb
19:10:23 | INFO: Blender create Mesh node Cheval Hyde Park Gate | second floor curved pediments
19:10:24 | INFO: Blender create Mesh node Cheval Hyde Park Gate | segmental ground archivolts
19:10:24 | INFO: Blender create Mesh node Cheval Hyde Park Gate | stylised bearded mask blocks estimated
19:10:24 | INFO: Blender create Mesh node Cheval Hyde Park Gate | stylised spiked globes
19:10:24 | INFO: Blender create Mesh node Cheval Hyde Park Gate | top floor giant consoles
19:10:24 | INFO: Blender create Mesh node Cheval Hyde Park Gate | triangular first floor pediments
19:10:24 | INFO: Blender create Mesh node Cheval Hyde Park Gate | wall below apertures
19:10:24 | INFO: Blender create Mesh node Cheval Hyde Park Gate | wall lintels
19:10:24 | INFO: Blender create Mesh node Cheval Hyde Park Gate | window sash rails
19:10:24 | INFO: glTF import finished in 9.24s
19:10:24 | INFO: Data are loaded, start creating Blender stuff
19:10:24 | INFO: Blender create Mesh node finite entry approach from audited ground
19:10:24 | INFO: Blender create Mesh node 3 Queens Gate | arched window solid spandrels
19:10:24 | INFO: Blender create Mesh node 3 Queens Gate | complete concave roof deck
19:10:24 | INFO: Blender create Mesh node 3 Queens Gate | door central stile
19:10:24 | INFO: Blender create Mesh node 3 Queens Gate | door hardware
19:10:24 | INFO: Blender create Mesh node 3 Queens Gate | entrance leaves
19:10:24 | INFO: Blender create Mesh node 3 Queens Gate | entry transom
19:10:24 | INFO: Blender create Mesh node 3 Queens Gate | flush threshold
19:10:24 | INFO: Blender create Mesh node 3 Queens Gate | hood console blocks
19:10:24 | INFO: Blender create Mesh node 3 Queens Gate | moulded window hood
19:10:24 | INFO: Blender create Mesh node 3 Queens Gate | painted sash frames
19:10:24 | INFO: Blender create Mesh node 3 Queens Gate | pierced stucco elevations
19:10:24 | INFO: Blender create Mesh node 3 Queens Gate | plain brick plinth
19:10:25 | INFO: Blender create Mesh node 3 Queens Gate | plain eaves and floor course
19:10:25 | INFO: Blender create Mesh node 3 Queens Gate | recessed townhouse sash glazing
19:10:25 | INFO: Blender create Mesh node 3 Queens Gate | sash glazing bars
19:10:25 | INFO: Blender create Mesh node 3 Queens Gate | sash meeting rails
19:10:25 | INFO: Blender create Mesh node 3 Queens Gate | stone entrance entablature
19:10:25 | INFO: Blender create Mesh node 3 Queens Gate | stone entrance jambs
19:10:25 | INFO: Blender create Mesh node 3 Queens Gate | stone parapet coping
19:10:25 | INFO: Blender create Mesh node 3 Queens Gate | stone window sills
19:10:25 | INFO: Blender create Mesh node 3 Queens Gate | street balcony balusters
19:10:25 | INFO: Blender create Mesh node 3 Queens Gate | street balcony rails
19:10:25 | INFO: Blender create Mesh node 3 Queens Gate | street first floor balcony slab
19:10:25 | INFO: Blender create Mesh node 3 Queens Gate | street order base mouldings
19:10:25 | INFO: Blender create Mesh node 3 Queens Gate | street order capital abaci
19:10:25 | INFO: Blender create Mesh node 3 Queens Gate | street order pilaster shafts
19:10:25 | INFO: Blender create Mesh node 3 Queens Gate | stucco attic parapet
19:10:25 | INFO: Blender create Mesh node 3 Queens Gate | third floor curved arch surrounds
19:10:25 | INFO: Blender create Mesh node 3 Queens Gate | window architrave sides
19:10:25 | INFO: Blender create Mesh node finite entry approach from audited ground.001
19:10:25 | INFO: Blender create Mesh node 4 Queens Gate | arched frame
19:10:25 | INFO: Blender create Mesh node 4 Queens Gate | arched window spandrel
19:10:25 | INFO: Blender create Mesh node 4 Queens Gate | balcony balusters
19:10:25 | INFO: Blender create Mesh node 4 Queens Gate | balcony upper rail
19:10:25 | INFO: Blender create Mesh node 4 Queens Gate | concave roof membrane
19:10:25 | INFO: Blender create Mesh node 4 Queens Gate | door glass fanlight
19:10:25 | INFO: Blender create Mesh node 4 Queens Gate | door handle
19:10:25 | INFO: Blender create Mesh node 4 Queens Gate | door transom
19:10:25 | INFO: Blender create Mesh node 4 Queens Gate | first floor balcony deck
19:10:25 | INFO: Blender create Mesh node 4 Queens Gate | flush floor course
19:10:25 | INFO: Blender create Mesh node 4 Queens Gate | inward eaves
19:10:25 | INFO: Blender create Mesh node 4 Queens Gate | lintels
19:10:25 | INFO: Blender create Mesh node 4 Queens Gate | low parapet
19:10:25 | INFO: Blender create Mesh node 4 Queens Gate | middle storey pilasters
19:10:25 | INFO: Blender create Mesh node 4 Queens Gate | mitred coping
19:10:25 | INFO: Blender create Mesh node 4 Queens Gate | painted joinery
19:10:25 | INFO: Blender create Mesh node 4 Queens Gate | pierced masonry
19:10:25 | INFO: Blender create Mesh node 4 Queens Gate | projecting sills
19:10:26 | INFO: Blender create Mesh node 4 Queens Gate | recessed arched glazing
19:10:26 | INFO: Blender create Mesh node 4 Queens Gate | recessed door
19:10:26 | INFO: Blender create Mesh node 4 Queens Gate | recessed glazing
19:10:26 | INFO: Blender create Mesh node 4 Queens Gate | simplified capitals
19:10:26 | INFO: Blender create Mesh node 4 Queens Gate | street cornice
19:10:26 | INFO: Blender create Mesh node 4 Queens Gate | threshold
19:10:26 | INFO: Blender create Mesh node 4 Queens Gate | upper sash meeting rail
19:10:26 | INFO: Blender create Mesh node 4 Queens Gate | window mullions
19:10:26 | INFO: Blender create Mesh node 4 Queens Gate | window transoms
19:10:26 | INFO: Blender create Mesh node finite entry approach from audited ground.002
19:10:26 | INFO: Blender create Mesh node 24a Queens Gate Mews | continuous mitred intermediate sill course
19:10:26 | INFO: Blender create Mesh node 24a Queens Gate Mews | continuous mitred modest eaves
19:10:26 | INFO: Blender create Mesh node 24a Queens Gate Mews | deep inset glazing
19:10:26 | INFO: Blender create Mesh node 24a Queens Gate Mews | deep projecting stone sill
19:10:26 | INFO: Blender create Mesh node 24a Queens Gate Mews | door head frame
19:10:26 | INFO: Blender create Mesh node 24a Queens Gate Mews | door jamb
19:10:26 | INFO: Blender create Mesh node 24a Queens Gate Mews | door transom frame
19:10:26 | INFO: Blender create Mesh node 24a Queens Gate Mews | door transom glazing
19:10:26 | INFO: Blender create Mesh node 24a Queens Gate Mews | entrance stone jamb surround
19:10:26 | INFO: Blender create Mesh node 24a Queens Gate Mews | estimated rear rainwater pipe
19:10:26 | INFO: Blender create Mesh node 24a Queens Gate Mews | full concave roof surface
19:10:26 | INFO: Blender create Mesh node 24a Queens Gate Mews | full thickness masonry piers
19:10:26 | INFO: Blender create Mesh node 24a Queens Gate Mews | ground transom rail
19:10:26 | INFO: Blender create Mesh node 24a Queens Gate Mews | inset door panels
19:10:26 | INFO: Blender create Mesh node 24a Queens Gate Mews | painted entrance leaf
19:10:26 | INFO: Blender create Mesh node 24a Queens Gate Mews | pipe fixing collars
19:10:26 | INFO: Blender create Mesh node 24a Queens Gate Mews | recessed window bottom sash
19:10:26 | INFO: Blender create Mesh node 24a Queens Gate Mews | recessed window outer sash
19:10:26 | INFO: Blender create Mesh node 24a Queens Gate Mews | roof upstand excluding attached edge4
19:10:26 | INFO: Blender create Mesh node 24a Queens Gate Mews | segmented low plinth
19:10:26 | INFO: Blender create Mesh node 24a Queens Gate Mews | simple entrance lintel
19:10:26 | INFO: Blender create Mesh node 24a Queens Gate Mews | simple stone window lintel
19:10:26 | INFO: Blender create Mesh node 24a Queens Gate Mews | soldier-course header blocks
19:10:26 | INFO: Blender create Mesh node 24a Queens Gate Mews | solid wall lintels
19:10:26 | INFO: Blender create Mesh node 24a Queens Gate Mews | stone coping excluding attached edge4
19:10:26 | INFO: Blender create Mesh node 24a Queens Gate Mews | tripartite mews casement mullions
19:10:26 | INFO: Blender create Mesh node 24a Queens Gate Mews | upper sash glazing bars
19:10:26 | INFO: Blender create Mesh node 24a Queens Gate Mews | upper sash meeting rail
19:10:26 | INFO: Blender create Mesh node 24a Queens Gate Mews | wall below recessed apertures
19:10:27 | INFO: glTF import finished in 2.84s
19:10:27 | INFO: Data are loaded, start creating Blender stuff
19:10:27 | INFO: Blender create Mesh node finite entry approach from audited ground.002
19:10:27 | INFO: Blender create Mesh node 1 Princes Gate Mews | complete concave roof deck
19:10:27 | INFO: Blender create Mesh node 1 Princes Gate Mews | door hardware
19:10:27 | INFO: Blender create Mesh node 1 Princes Gate Mews | door recessed lower panel
19:10:27 | INFO: Blender create Mesh node 1 Princes Gate Mews | door recessed upper panel
19:10:27 | INFO: Blender create Mesh node 1 Princes Gate Mews | entrance leaves
19:10:27 | INFO: Blender create Mesh node 1 Princes Gate Mews | entry transom
19:10:27 | INFO: Blender create Mesh node 1 Princes Gate Mews | flush threshold
19:10:27 | INFO: Blender create Mesh node 1 Princes Gate Mews | low mews roof parapet
19:10:27 | INFO: Blender create Mesh node 1 Princes Gate Mews | painted sash frames
19:10:27 | INFO: Blender create Mesh node 1 Princes Gate Mews | pierced muted masonry facades
19:10:27 | INFO: Blender create Mesh node 1 Princes Gate Mews | plain brick plinth
19:10:27 | INFO: Blender create Mesh node 1 Princes Gate Mews | plain eaves and floor course
19:10:27 | INFO: Blender create Mesh node 1 Princes Gate Mews | plain entrance jambs
19:10:27 | INFO: Blender create Mesh node 1 Princes Gate Mews | plain entrance lintel
19:10:27 | INFO: Blender create Mesh node 1 Princes Gate Mews | plain sash mullions
19:10:27 | INFO: Blender create Mesh node 1 Princes Gate Mews | plain sash transoms
19:10:27 | INFO: Blender create Mesh node 1 Princes Gate Mews | recessed mews sash glazing
19:10:27 | INFO: Blender create Mesh node 1 Princes Gate Mews | shallow parapet coping
19:10:27 | INFO: Blender create Mesh node 1 Princes Gate Mews | stone window sills
19:10:27 | INFO: Blender create Mesh node 1 Princes Gate Mews | subtle brick headers
19:10:27 | INFO: Blender create Mesh node finite entry approach from audited ground
19:10:27 | INFO: Blender create Mesh node 69–70 Princes Gate | capital volutes
19:10:27 | INFO: Blender create Mesh node 69–70 Princes Gate | central window pediments
19:10:28 | INFO: Blender create Mesh node 69–70 Princes Gate | door glass fanlight
19:10:28 | INFO: Blender create Mesh node 69–70 Princes Gate | door handle
19:10:28 | INFO: Blender create Mesh node 69–70 Princes Gate | door transom
19:10:28 | INFO: Blender create Mesh node 69–70 Princes Gate | eaves brackets
19:10:28 | INFO: Blender create Mesh node 69–70 Princes Gate | first balcony deck
19:10:28 | INFO: Blender create Mesh node 69–70 Princes Gate | first balcony rail
19:10:28 | INFO: Blender create Mesh node 69–70 Princes Gate | front cornice
19:10:28 | INFO: Blender create Mesh node 69–70 Princes Gate | full polygon roof basecap
19:10:28 | INFO: Blender create Mesh node 69–70 Princes Gate | inward eaves
19:10:28 | INFO: Blender create Mesh node 69–70 Princes Gate | lintels
19:10:28 | INFO: Blender create Mesh node 69–70 Princes Gate | low parapet
19:10:28 | INFO: Blender create Mesh node 69–70 Princes Gate | mansard slopes
19:10:28 | INFO: Blender create Mesh node 69–70 Princes Gate | mansard top deck
19:10:28 | INFO: Blender create Mesh node 69–70 Princes Gate | mitred coping
19:10:28 | INFO: Blender create Mesh node 69–70 Princes Gate | painted joinery
19:10:29 | INFO: Blender create Mesh node 69–70 Princes Gate | paired house pilasters
19:10:29 | INFO: Blender create Mesh node 69–70 Princes Gate | pierced masonry
19:10:29 | INFO: Blender create Mesh node 69–70 Princes Gate | projecting sills
19:10:29 | INFO: Blender create Mesh node 69–70 Princes Gate | recessed door
19:10:29 | INFO: Blender create Mesh node 69–70 Princes Gate | recessed glazing
19:10:29 | INFO: Blender create Mesh node 69–70 Princes Gate | rustication courses
19:10:29 | INFO: Blender create Mesh node 69–70 Princes Gate | second balcony balusters
19:10:29 | INFO: Blender create Mesh node 69–70 Princes Gate | second balcony deck
19:10:29 | INFO: Blender create Mesh node 69–70 Princes Gate | second balcony rail
19:10:29 | INFO: Blender create Mesh node 69–70 Princes Gate | simplified Corinthian capital
19:10:29 | INFO: Blender create Mesh node 69–70 Princes Gate | threshold
19:10:30 | INFO: Blender create Mesh node 69–70 Princes Gate | turned balcony balusters
19:10:32 | INFO: Blender create Mesh node 69–70 Princes Gate | upper sash meeting rail
19:10:32 | INFO: Blender create Mesh node 69–70 Princes Gate | window mullions
19:10:32 | INFO: Blender create Mesh node 69–70 Princes Gate | window transoms
19:10:32 | INFO: Blender create Mesh node 71-72 Princes Gate | architrave head
19:10:33 | INFO: Blender create Mesh node 71-72 Princes Gate | architrave upright
19:10:33 | INFO: Blender create Mesh node 71-72 Princes Gate | central second floor pediment
19:10:33 | INFO: Blender create Mesh node 71-72 Princes Gate | complete concave mapped roof deck
19:10:33 | INFO: Blender create Mesh node 71-72 Princes Gate | continuous first floor balcony deck
19:10:34 | INFO: Blender create Mesh node 71-72 Princes Gate | continuous first floor balustrade rail
19:10:34 | INFO: Blender create Mesh node 71-72 Princes Gate | continuous mitred contained stringcourse
19:10:34 | INFO: Blender create Mesh node 71-72 Princes Gate | cornice modillions
19:10:34 | INFO: Blender create Mesh node 71-72 Princes Gate | cornice window hoods
19:10:34 | INFO: Blender create Mesh node 71-72 Princes Gate | door leaf panel mouldings
19:10:34 | INFO: Blender create Mesh node 71-72 Princes Gate | door leaf transom rail
19:10:34 | INFO: Blender create Mesh node 71-72 Princes Gate | Doric porch columns
19:10:34 | INFO: Blender create Mesh node 71-72 Princes Gate | Doric porch entablature
19:10:34 | INFO: Blender create Mesh node 71-72 Princes Gate | Doric triglyphs
19:10:34 | INFO: Blender create Mesh node 71-72 Princes Gate | entrance glazed transom
19:10:34 | INFO: Blender create Mesh node 71-72 Princes Gate | entrance head frame
19:10:34 | INFO: Blender create Mesh node 71-72 Princes Gate | entrance jamb
19:10:34 | INFO: Blender create Mesh node 71-72 Princes Gate | entrance lantern casing
19:10:34 | INFO: Blender create Mesh node 71-72 Princes Gate | entrance lantern glazing
19:10:34 | INFO: Blender create Mesh node 71-72 Princes Gate | entrance stone head
19:10:34 | INFO: Blender create Mesh node 71-72 Princes Gate | entrance stone surrounds
19:10:34 | INFO: Blender create Mesh node 71-72 Princes Gate | estimated concave mansard slopes
19:10:34 | INFO: Blender create Mesh node 71-72 Princes Gate | estimated concave mansard upper deck
19:10:34 | INFO: Blender create Mesh node 71-72 Princes Gate | first floor bottle balusters
19:10:34 | INFO: Blender create Mesh node 71-72 Princes Gate | first floor Corinthian shafts
19:10:34 | INFO: Blender create Mesh node 71-72 Princes Gate | first floor French casement mullion
19:10:34 | INFO: Blender create Mesh node 71-72 Princes Gate | front bracketed frieze
19:10:34 | INFO: Blender create Mesh node 71-72 Princes Gate | front projecting cornice
19:10:34 | INFO: Blender create Mesh node 71-72 Princes Gate | ground stucco channel courses
19:10:34 | INFO: Blender create Mesh node 71-72 Princes Gate | pierced wall lintel infill
19:10:35 | INFO: Blender create Mesh node 71-72 Princes Gate | pierced wall piers
19:10:35 | INFO: Blender create Mesh node 71-72 Princes Gate | pierced wall sill infill
19:10:35 | INFO: Blender create Mesh node 71-72 Princes Gate | projecting stone sill
19:10:35 | INFO: Blender create Mesh node 71-72 Princes Gate | recessed sash glazing
19:10:35 | INFO: Blender create Mesh node 71-72 Princes Gate | sash meeting and bottom rails
19:10:35 | INFO: Blender create Mesh node 71-72 Princes Gate | second floor balcony rail
19:10:35 | INFO: Blender create Mesh node 71-72 Princes Gate | second floor balcony sill
19:10:35 | INFO: Blender create Mesh node 71-72 Princes Gate | second floor bottle balusters
19:10:35 | INFO: Blender create Mesh node 71-72 Princes Gate | simplified Corinthian leaf blocks
19:10:35 | INFO: Blender create Mesh node 71-72 Princes Gate | timber sash side frames
19:10:35 | INFO: Blender create Mesh node 71-72 Princes Gate | timber sash upper rail
19:10:35 | INFO: Blender create Mesh node 71-72 Princes Gate | window hood corbels
19:10:35 | INFO: Blender create Mesh node 71-72 Princes Gate | wood entrance leaf
19:10:35 | INFO: Blender create Mesh node finite porch support
19:10:35 | INFO: Blender create Mesh node finite entry approach from audited ground.001
19:10:36 | INFO: glTF import finished in 8.33s
19:10:37 | INFO: Data are loaded, start creating Blender stuff
19:10:37 | INFO: Blender create Mesh node 14 Queens Gate Place Mews | blank showroom fascia
19:10:37 | INFO: Blender create Mesh node 14 Queens Gate Place Mews | door glass fanlight
19:10:37 | INFO: Blender create Mesh node 14 Queens Gate Place Mews | door handle
19:10:37 | INFO: Blender create Mesh node 14 Queens Gate Place Mews | door transom
19:10:37 | INFO: Blender create Mesh node 14 Queens Gate Place Mews | estimated hipped roof
19:10:37 | INFO: Blender create Mesh node 14 Queens Gate Place Mews | front rear eaves
19:10:37 | INFO: Blender create Mesh node 14 Queens Gate Place Mews | full polygon roof basecap
19:10:37 | INFO: Blender create Mesh node 14 Queens Gate Place Mews | inward eaves
19:10:37 | INFO: Blender create Mesh node 14 Queens Gate Place Mews | lintels
19:10:37 | INFO: Blender create Mesh node 14 Queens Gate Place Mews | painted joinery
19:10:37 | INFO: Blender create Mesh node 14 Queens Gate Place Mews | pierced masonry
19:10:37 | INFO: Blender create Mesh node 14 Queens Gate Place Mews | projecting sills
19:10:37 | INFO: Blender create Mesh node 14 Queens Gate Place Mews | recessed door
19:10:37 | INFO: Blender create Mesh node 14 Queens Gate Place Mews | recessed glazing
19:10:37 | INFO: Blender create Mesh node 14 Queens Gate Place Mews | shallow shop cornice
19:10:37 | INFO: Blender create Mesh node 14 Queens Gate Place Mews | showroom end piers
19:10:37 | INFO: Blender create Mesh node finite entry approach from audited ground.002
19:10:37 | INFO: Blender create Mesh node 14 Queens Gate Place Mews | threshold
19:10:37 | INFO: Blender create Mesh node 14 Queens Gate Place Mews | upper sash meeting rail
19:10:37 | INFO: Blender create Mesh node 14 Queens Gate Place Mews | window mullions
19:10:37 | INFO: Blender create Mesh node 14 Queens Gate Place Mews | window transoms
19:10:37 | INFO: Blender create Mesh node 47 Princes Gardens | architrave head
19:10:37 | INFO: Blender create Mesh node 47 Princes Gardens | architrave upright
19:10:37 | INFO: Blender create Mesh node 47 Princes Gardens | central second floor pediment
19:10:37 | INFO: Blender create Mesh node 47 Princes Gardens | complete concave mapped roof deck
19:10:37 | INFO: Blender create Mesh node 47 Princes Gardens | continuous first floor balcony deck
19:10:37 | INFO: Blender create Mesh node 47 Princes Gardens | continuous first floor balustrade rail
19:10:37 | INFO: Blender create Mesh node 47 Princes Gardens | continuous mitred contained stringcourse
19:10:37 | INFO: Blender create Mesh node 47 Princes Gardens | cornice modillions
19:10:37 | INFO: Blender create Mesh node 47 Princes Gardens | cornice window hoods
19:10:37 | INFO: Blender create Mesh node 47 Princes Gardens | door leaf panel mouldings
19:10:37 | INFO: Blender create Mesh node 47 Princes Gardens | door leaf transom rail
19:10:37 | INFO: Blender create Mesh node 47 Princes Gardens | Doric porch columns
19:10:37 | INFO: Blender create Mesh node 47 Princes Gardens | Doric porch entablature
19:10:37 | INFO: Blender create Mesh node 47 Princes Gardens | Doric triglyphs
19:10:37 | INFO: Blender create Mesh node 47 Princes Gardens | entrance glazed transom
19:10:37 | INFO: Blender create Mesh node 47 Princes Gardens | entrance head frame
19:10:37 | INFO: Blender create Mesh node 47 Princes Gardens | entrance jamb
19:10:37 | INFO: Blender create Mesh node 47 Princes Gardens | entrance stone head
19:10:37 | INFO: Blender create Mesh node 47 Princes Gardens | entrance stone surrounds
19:10:37 | INFO: Blender create Mesh node 47 Princes Gardens | estimated front rear roof parapet
19:10:37 | INFO: Blender create Mesh node 47 Princes Gardens | first floor bottle balusters
19:10:37 | INFO: Blender create Mesh node 47 Princes Gardens | first floor Corinthian shafts
19:10:37 | INFO: Blender create Mesh node 47 Princes Gardens | first floor French casement mullion
19:10:37 | INFO: Blender create Mesh node 47 Princes Gardens | front bracketed frieze
19:10:37 | INFO: Blender create Mesh node 47 Princes Gardens | front projecting cornice
19:10:37 | INFO: Blender create Mesh node 47 Princes Gardens | front rear coping
19:10:37 | INFO: Blender create Mesh node 47 Princes Gardens | ground stucco channel courses
19:10:37 | INFO: Blender create Mesh node 47 Princes Gardens | pierced wall lintel infill
19:10:37 | INFO: Blender create Mesh node 47 Princes Gardens | pierced wall piers
19:10:37 | INFO: Blender create Mesh node 47 Princes Gardens | pierced wall sill infill
19:10:37 | INFO: Blender create Mesh node finite porch support
19:10:37 | INFO: Blender create Mesh node 47 Princes Gardens | projecting stone sill
19:10:37 | INFO: Blender create Mesh node 47 Princes Gardens | recessed sash glazing
19:10:37 | INFO: Blender create Mesh node 47 Princes Gardens | sash meeting and bottom rails
19:10:37 | INFO: Blender create Mesh node 47 Princes Gardens | second floor balcony rail
19:10:37 | INFO: Blender create Mesh node 47 Princes Gardens | second floor balcony sill
19:10:37 | INFO: Blender create Mesh node 47 Princes Gardens | second floor bottle balusters
19:10:37 | INFO: Blender create Mesh node 47 Princes Gardens | simplified Corinthian leaf blocks
19:10:37 | INFO: Blender create Mesh node finite entry approach from audited ground
19:10:37 | INFO: Blender create Mesh node 47 Princes Gardens | timber sash side frames
19:10:37 | INFO: Blender create Mesh node 47 Princes Gardens | timber sash upper rail
19:10:37 | INFO: Blender create Mesh node 47 Princes Gardens | window hood corbels
19:10:37 | INFO: Blender create Mesh node 47 Princes Gardens | wood entrance leaf
19:10:38 | INFO: glTF import finished in 1.13s
19:10:39 | INFO: Data are loaded, start creating Blender stuff
19:10:39 | INFO: Blender create Mesh node 5 Queens Gate | arched frame
19:10:39 | INFO: Blender create Mesh node 5 Queens Gate | arched window spandrel
19:10:39 | INFO: Blender create Mesh node 5 Queens Gate | balcony balusters
19:10:39 | INFO: Blender create Mesh node 5 Queens Gate | balcony upper rail
19:10:39 | INFO: Blender create Mesh node 5 Queens Gate | complete mapped roof basecap
19:10:39 | INFO: Blender create Mesh node 5 Queens Gate | concave roof membrane
19:10:39 | INFO: Blender create Mesh node 5 Queens Gate | door glass fanlight
19:10:39 | INFO: Blender create Mesh node 5 Queens Gate | door handle
19:10:39 | INFO: Blender create Mesh node 5 Queens Gate | door transom
19:10:39 | INFO: Blender create Mesh node 5 Queens Gate | first floor balcony deck
19:10:39 | INFO: Blender create Mesh node 5 Queens Gate | flush floor course
19:10:39 | INFO: Blender create Mesh node 5 Queens Gate | individual window consoles
19:10:39 | INFO: Blender create Mesh node 5 Queens Gate | inward eaves
19:10:39 | INFO: Blender create Mesh node 5 Queens Gate | lintels
19:10:39 | INFO: Blender create Mesh node 5 Queens Gate | low parapet
19:10:39 | INFO: Blender create Mesh node 5 Queens Gate | middle storey pilasters
19:10:39 | INFO: Blender create Mesh node 5 Queens Gate | mitred coping
19:10:39 | INFO: Blender create Mesh node 5 Queens Gate | painted joinery
19:10:40 | INFO: Blender create Mesh node 5 Queens Gate | pierced masonry
19:10:40 | INFO: Blender create Mesh node 5 Queens Gate | projecting sills
19:10:40 | INFO: Blender create Mesh node 5 Queens Gate | recessed arched glazing
19:10:40 | INFO: Blender create Mesh node 5 Queens Gate | recessed door
19:10:40 | INFO: Blender create Mesh node 5 Queens Gate | recessed glazing
19:10:40 | INFO: Blender create Mesh node 5 Queens Gate | simplified capitals
19:10:40 | INFO: Blender create Mesh node 5 Queens Gate | street cornice
19:10:40 | INFO: Blender create Mesh node finite entry approach from audited ground.002
19:10:40 | INFO: Blender create Mesh node 5 Queens Gate | threshold
19:10:40 | INFO: Blender create Mesh node 5 Queens Gate | upper sash meeting rail
19:10:40 | INFO: Blender create Mesh node 5 Queens Gate | window mullions
19:10:40 | INFO: Blender create Mesh node 5 Queens Gate | window transoms
19:10:40 | INFO: Blender create Mesh node 26 Princes Gate | attic continuous mitred top rim
19:10:40 | INFO: Blender create Mesh node 26 Princes Gate | attic frame jambs
19:10:40 | INFO: Blender create Mesh node 26 Princes Gate | attic frame rails
19:10:40 | INFO: Blender create Mesh node 26 Princes Gate | attic round head curved trim
19:10:40 | INFO: Blender create Mesh node 26 Princes Gate | attic round head solid spandrels
19:10:41 | INFO: Blender create Mesh node 26 Princes Gate | central first floor pediment
19:10:41 | INFO: Blender create Mesh node 26 Princes Gate | complete attic flat roof
19:10:41 | INFO: Blender create Mesh node 26 Princes Gate | curved window curved trim
19:10:41 | INFO: Blender create Mesh node 26 Princes Gate | curved window solid spandrels
19:10:42 | INFO: Blender create Mesh node 26 Princes Gate | door glass fanlight
19:10:42 | INFO: Blender create Mesh node 26 Princes Gate | door handle
19:10:42 | INFO: Blender create Mesh node 26 Princes Gate | door transom
19:10:42 | INFO: Blender create Mesh node 26 Princes Gate | Doric porch abacus
19:10:42 | INFO: Blender create Mesh node 26 Princes Gate | Doric porch entablature
19:10:42 | INFO: Blender create Mesh node 26 Princes Gate | Doric porch shafts
19:10:42 | INFO: Blender create Mesh node 26 Princes Gate | Doric porch square foot
19:10:42 | INFO: Blender create Mesh node 26 Princes Gate | first floor pilaster shafts
19:10:42 | INFO: Blender create Mesh node 26 Princes Gate | flush attic solid walls
19:10:42 | INFO: Blender create Mesh node 26 Princes Gate | front cornice
19:10:42 | INFO: Blender create Mesh node 26 Princes Gate | front cornice dentils
19:10:42 | INFO: Blender create Mesh node 26 Princes Gate | full mapped roof base cap
19:10:42 | INFO: Blender create Mesh node 26 Princes Gate | inward eaves
19:10:42 | INFO: Blender create Mesh node 26 Princes Gate | Juliet sill decks
19:10:42 | INFO: Blender create Mesh node 26 Princes Gate | Juliet top rails
19:10:42 | INFO: Blender create Mesh node 26 Princes Gate | Juliet vertical bars
19:10:42 | INFO: Blender create Mesh node 26 Princes Gate | lintels
19:10:42 | INFO: Blender create Mesh node 26 Princes Gate | outer shallow pilasters
19:10:42 | INFO: Blender create Mesh node 26 Princes Gate | painted joinery
19:10:42 | INFO: Blender create Mesh node 26 Princes Gate | pierced masonry
19:10:42 | INFO: Blender create Mesh node finite porch support
19:10:42 | INFO: Blender create Mesh node 26 Princes Gate | projecting sills
19:10:42 | INFO: Blender create Mesh node 26 Princes Gate | recessed attic glazing
19:10:42 | INFO: Blender create Mesh node 26 Princes Gate | recessed door
19:10:42 | INFO: Blender create Mesh node 26 Princes Gate | recessed glazing
19:10:42 | INFO: Blender create Mesh node 26 Princes Gate | simplified first floor capitals
19:10:42 | INFO: Blender create Mesh node finite entry approach from audited ground.001
19:10:42 | INFO: Blender create Mesh node 26 Princes Gate | threshold
19:10:42 | INFO: Blender create Mesh node 26 Princes Gate | upper sash meeting rail
19:10:42 | INFO: Blender create Mesh node 26 Princes Gate | window mullions
19:10:42 | INFO: Blender create Mesh node 26 Princes Gate | window transoms
19:10:42 | INFO: Blender create Mesh node 46 Princes Gardens | architrave head
19:10:42 | INFO: Blender create Mesh node 46 Princes Gardens | architrave upright
19:10:42 | INFO: Blender create Mesh node 46 Princes Gardens | central second floor pediment
19:10:42 | INFO: Blender create Mesh node 46 Princes Gardens | complete concave mapped roof deck
19:10:42 | INFO: Blender create Mesh node 46 Princes Gardens | continuous first floor balcony deck
19:10:42 | INFO: Blender create Mesh node 46 Princes Gardens | continuous first floor balustrade rail
19:10:42 | INFO: Blender create Mesh node 46 Princes Gardens | continuous mitred contained stringcourse
19:10:42 | INFO: Blender create Mesh node 46 Princes Gardens | cornice modillions
19:10:42 | INFO: Blender create Mesh node 46 Princes Gardens | cornice window hoods
19:10:42 | INFO: Blender create Mesh node 46 Princes Gardens | door leaf panel mouldings
19:10:42 | INFO: Blender create Mesh node 46 Princes Gardens | door leaf transom rail
19:10:42 | INFO: Blender create Mesh node 46 Princes Gardens | entrance glazed transom
19:10:42 | INFO: Blender create Mesh node 46 Princes Gardens | entrance head frame
19:10:42 | INFO: Blender create Mesh node 46 Princes Gardens | entrance jamb
19:10:42 | INFO: Blender create Mesh node 46 Princes Gardens | entrance stone head
19:10:42 | INFO: Blender create Mesh node 46 Princes Gardens | entrance stone surrounds
19:10:42 | INFO: Blender create Mesh node 46 Princes Gardens | estimated front rear roof parapet
19:10:42 | INFO: Blender create Mesh node 46 Princes Gardens | first floor bottle balusters
19:10:42 | INFO: Blender create Mesh node 46 Princes Gardens | first floor Corinthian shafts
19:10:42 | INFO: Blender create Mesh node 46 Princes Gardens | first floor French casement mullion
19:10:42 | INFO: Blender create Mesh node 46 Princes Gardens | front bracketed frieze
19:10:43 | INFO: Blender create Mesh node 46 Princes Gardens | front projecting cornice
19:10:43 | INFO: Blender create Mesh node 46 Princes Gardens | front rear coping
19:10:43 | INFO: Blender create Mesh node 46 Princes Gardens | ground stucco channel courses
19:10:43 | INFO: Blender create Mesh node 46 Princes Gardens | pierced wall lintel infill
19:10:43 | INFO: Blender create Mesh node 46 Princes Gardens | pierced wall piers
19:10:43 | INFO: Blender create Mesh node 46 Princes Gardens | pierced wall sill infill
19:10:43 | INFO: Blender create Mesh node 46 Princes Gardens | projecting stone sill
19:10:43 | INFO: Blender create Mesh node 46 Princes Gardens | recessed sash glazing
19:10:43 | INFO: Blender create Mesh node 46 Princes Gardens | sash meeting and bottom rails
19:10:43 | INFO: Blender create Mesh node 46 Princes Gardens | second floor balcony rail
19:10:43 | INFO: Blender create Mesh node 46 Princes Gardens | second floor balcony sill
19:10:43 | INFO: Blender create Mesh node 46 Princes Gardens | second floor bottle balusters
19:10:43 | INFO: Blender create Mesh node 46 Princes Gardens | simplified Corinthian leaf blocks
19:10:43 | INFO: Blender create Mesh node finite entry approach from audited ground
19:10:43 | INFO: Blender create Mesh node 46 Princes Gardens | timber sash side frames
19:10:43 | INFO: Blender create Mesh node 46 Princes Gardens | timber sash upper rail
19:10:43 | INFO: Blender create Mesh node 46 Princes Gardens | window hood corbels
19:10:43 | INFO: Blender create Mesh node 46 Princes Gardens | wood entrance leaf
19:10:43 | INFO: glTF import finished in 4.13s
19:10:44 | INFO: Data are loaded, start creating Blender stuff
19:10:44 | INFO: Blender create Mesh node 27 Princes Gate | attic continuous mitred rim
19:10:44 | INFO: Blender create Mesh node 27 Princes Gate | central first floor pediment
19:10:44 | INFO: Blender create Mesh node 27 Princes Gate | complete attic roof deck
19:10:44 | INFO: Blender create Mesh node 27 Princes Gate | curved frame heads
19:10:44 | INFO: Blender create Mesh node 27 Princes Gate | curved masonry heads
19:10:45 | INFO: Blender create Mesh node 27 Princes Gate | curved recessed glazing
19:10:45 | INFO: Blender create Mesh node 27 Princes Gate | door glass fanlight
19:10:45 | INFO: Blender create Mesh node 27 Princes Gate | door handle
19:10:45 | INFO: Blender create Mesh node 27 Princes Gate | door transom
19:10:45 | INFO: Blender create Mesh node 27 Princes Gate | first floor pilaster shafts
19:10:45 | INFO: Blender create Mesh node 27 Princes Gate | front cornice
19:10:45 | INFO: Blender create Mesh node 27 Princes Gate | front cornice dentils
19:10:45 | INFO: Blender create Mesh node 27 Princes Gate | full mapped roof base cap
19:10:45 | INFO: Blender create Mesh node 27 Princes Gate | Juliet sill decks
19:10:45 | INFO: Blender create Mesh node 27 Princes Gate | Juliet top rails
19:10:45 | INFO: Blender create Mesh node 27 Princes Gate | Juliet vertical bars
19:10:45 | INFO: Blender create Mesh node 27 Princes Gate | lintels
19:10:45 | INFO: Blender create Mesh node 27 Princes Gate | outer shallow pilasters
19:10:45 | INFO: Blender create Mesh node 27 Princes Gate | painted joinery
19:10:45 | INFO: Blender create Mesh node 27 Princes Gate | pierced masonry
19:10:45 | INFO: Blender create Mesh node 27 Princes Gate | projecting sills
19:10:45 | INFO: Blender create Mesh node 27 Princes Gate | recessed door
19:10:45 | INFO: Blender create Mesh node 27 Princes Gate | recessed glazing
19:10:45 | INFO: Blender create Mesh node 27 Princes Gate | simplified first floor capitals
19:10:45 | INFO: Blender create Mesh node finite entry approach from audited ground
19:10:45 | INFO: Blender create Mesh node 27 Princes Gate | threshold
19:10:45 | INFO: Blender create Mesh node 27 Princes Gate | upper sash meeting rail
19:10:45 | INFO: Blender create Mesh node 27 Princes Gate | window mullions
19:10:45 | INFO: Blender create Mesh node 27 Princes Gate | window transoms
19:10:46 | INFO: glTF import finished in 1.16s
19:10:47 | INFO: Data are loaded, start creating Blender stuff
19:10:47 | INFO: Blender create Mesh node 2 Princes Gate Mews | complete five point roof cap
19:10:47 | INFO: Blender create Mesh node 2 Princes Gate Mews | contained continuous mitred eaves
19:10:47 | INFO: Blender create Mesh node 2 Princes Gate Mews | deep inset glazing
19:10:47 | INFO: Blender create Mesh node 2 Princes Gate Mews | deep projecting stone sill
19:10:47 | INFO: Blender create Mesh node 2 Princes Gate Mews | door head frame
19:10:47 | INFO: Blender create Mesh node 2 Princes Gate Mews | door jamb
19:10:47 | INFO: Blender create Mesh node 2 Princes Gate Mews | door transom frame
19:10:47 | INFO: Blender create Mesh node 2 Princes Gate Mews | door transom glazing
19:10:47 | INFO: Blender create Mesh node 2 Princes Gate Mews | entrance stone jamb surround
19:10:47 | INFO: Blender create Mesh node 2 Princes Gate Mews | estimated rear rainwater pipe
19:10:47 | INFO: Blender create Mesh node 2 Princes Gate Mews | front and rear contained coping
19:10:47 | INFO: Blender create Mesh node 2 Princes Gate Mews | front and rear intermediate course
19:10:47 | INFO: Blender create Mesh node 2 Princes Gate Mews | front and rear low parapet
19:10:47 | INFO: Blender create Mesh node 2 Princes Gate Mews | ground transom rail
19:10:47 | INFO: Blender create Mesh node 2 Princes Gate Mews | inset door panels
19:10:47 | INFO: Blender create Mesh node 2 Princes Gate Mews | painted entrance leaf
19:10:47 | INFO: Blender create Mesh node 2 Princes Gate Mews | pierced wall piers
19:10:47 | INFO: Blender create Mesh node 2 Princes Gate Mews | pipe fixing collars
19:10:47 | INFO: Blender create Mesh node 2 Princes Gate Mews | recessed window bottom sash
19:10:47 | INFO: Blender create Mesh node 2 Princes Gate Mews | recessed window outer sash
19:10:47 | INFO: Blender create Mesh node 2 Princes Gate Mews | segmented low plinth
19:10:47 | INFO: Blender create Mesh node 2 Princes Gate Mews | simple entrance lintel
19:10:47 | INFO: Blender create Mesh node 2 Princes Gate Mews | simple stone window lintel
19:10:47 | INFO: Blender create Mesh node 2 Princes Gate Mews | soldier-course header blocks
19:10:47 | INFO: Blender create Mesh node 2 Princes Gate Mews | solid wall lintels
19:10:47 | INFO: Blender create Mesh node finite entry approach from audited ground
19:10:47 | INFO: Blender create Mesh node 2 Princes Gate Mews | tripartite mews casement mullions
19:10:47 | INFO: Blender create Mesh node 2 Princes Gate Mews | upper sash glazing bars
19:10:47 | INFO: Blender create Mesh node 2 Princes Gate Mews | upper sash meeting rail
19:10:47 | INFO: Blender create Mesh node 2 Princes Gate Mews | wall below recessed apertures
19:10:47 | INFO: Blender create Mesh node 12 Queens Gate Place Mews | corner brick piers
19:10:47 | INFO: Blender create Mesh node 12 Queens Gate Place Mews | door glass fanlight
19:10:47 | INFO: Blender create Mesh node 12 Queens Gate Place Mews | door handle
19:10:47 | INFO: Blender create Mesh node 12 Queens Gate Place Mews | door transom
19:10:47 | INFO: Blender create Mesh node 12 Queens Gate Place Mews | estimated hipped roof
19:10:47 | INFO: Blender create Mesh node 12 Queens Gate Place Mews | front rear eaves
19:10:47 | INFO: Blender create Mesh node 12 Queens Gate Place Mews | full polygon roof basecap
19:10:47 | INFO: Blender create Mesh node 12 Queens Gate Place Mews | inward eaves
19:10:47 | INFO: Blender create Mesh node 12 Queens Gate Place Mews | lintels
19:10:47 | INFO: Blender create Mesh node 12 Queens Gate Place Mews | painted joinery
19:10:47 | INFO: Blender create Mesh node 12 Queens Gate Place Mews | pierced masonry
19:10:47 | INFO: Blender create Mesh node 12 Queens Gate Place Mews | plain first floor stringcourse
19:10:47 | INFO: Blender create Mesh node 12 Queens Gate Place Mews | projecting sills
19:10:47 | INFO: Blender create Mesh node 12 Queens Gate Place Mews | recessed door
19:10:47 | INFO: Blender create Mesh node 12 Queens Gate Place Mews | recessed glazing
19:10:47 | INFO: Blender create Mesh node 12 Queens Gate Place Mews | small brick eaves dentils
19:10:47 | INFO: Blender create Mesh node finite entry approach from audited ground.001
19:10:47 | INFO: Blender create Mesh node 12 Queens Gate Place Mews | threshold
19:10:47 | INFO: Blender create Mesh node 12 Queens Gate Place Mews | upper sash meeting rail
19:10:47 | INFO: Blender create Mesh node 12 Queens Gate Place Mews | window mullions
19:10:47 | INFO: Blender create Mesh node 12 Queens Gate Place Mews | window transoms
19:10:47 | INFO: Blender create Mesh node finite entry approach from audited ground.002
19:10:47 | INFO: Blender create Mesh node 16 Queen’s Gate Place Mews | complete five-point roof deck
19:10:47 | INFO: Blender create Mesh node 16 Queen’s Gate Place Mews | door hardware
19:10:47 | INFO: Blender create Mesh node 16 Queen’s Gate Place Mews | door recessed lower panel
19:10:47 | INFO: Blender create Mesh node 16 Queen’s Gate Place Mews | door recessed upper panel
19:10:47 | INFO: Blender create Mesh node 16 Queen’s Gate Place Mews | entrance leaves
19:10:47 | INFO: Blender create Mesh node 16 Queen’s Gate Place Mews | entry transom
19:10:47 | INFO: Blender create Mesh node 16 Queen’s Gate Place Mews | flush threshold
19:10:47 | INFO: Blender create Mesh node 16 Queen’s Gate Place Mews | low mews roof parapet
19:10:47 | INFO: Blender create Mesh node 16 Queen’s Gate Place Mews | painted sash frames
19:10:47 | INFO: Blender create Mesh node 16 Queen’s Gate Place Mews | pierced muted masonry facades
19:10:47 | INFO: Blender create Mesh node 16 Queen’s Gate Place Mews | plain brick plinth
19:10:47 | INFO: Blender create Mesh node 16 Queen’s Gate Place Mews | plain eaves and floor course
19:10:47 | INFO: Blender create Mesh node 16 Queen’s Gate Place Mews | plain entrance jambs
19:10:47 | INFO: Blender create Mesh node 16 Queen’s Gate Place Mews | plain entrance lintel
19:10:47 | INFO: Blender create Mesh node 16 Queen’s Gate Place Mews | plain sash mullions
19:10:48 | INFO: Blender create Mesh node 16 Queen’s Gate Place Mews | plain sash transoms
19:10:48 | INFO: Blender create Mesh node 16 Queen’s Gate Place Mews | recessed mews sash glazing
19:10:48 | INFO: Blender create Mesh node 16 Queen’s Gate Place Mews | shallow parapet coping
19:10:48 | INFO: Blender create Mesh node 16 Queen’s Gate Place Mews | stone window sills
19:10:48 | INFO: Blender create Mesh node 16 Queen’s Gate Place Mews | subtle brick headers
19:10:49 | INFO: glTF import finished in 2.37s
19:10:50 | INFO: Data are loaded, start creating Blender stuff
19:10:50 | INFO: Blender create Mesh node 6 Queens Gate | arched frame
19:10:50 | INFO: Blender create Mesh node 6 Queens Gate | arched window spandrel
19:10:50 | INFO: Blender create Mesh node 6 Queens Gate | balcony balusters
19:10:50 | INFO: Blender create Mesh node 6 Queens Gate | balcony upper rail
19:10:50 | INFO: Blender create Mesh node 6 Queens Gate | complete mapped roof basecap
19:10:50 | INFO: Blender create Mesh node 6 Queens Gate | concave roof membrane
19:10:50 | INFO: Blender create Mesh node 6 Queens Gate | door glass fanlight
19:10:50 | INFO: Blender create Mesh node 6 Queens Gate | door handle
19:10:50 | INFO: Blender create Mesh node 6 Queens Gate | door transom
19:10:50 | INFO: Blender create Mesh node 6 Queens Gate | first floor balcony deck
19:10:50 | INFO: Blender create Mesh node 6 Queens Gate | flush floor course
19:10:50 | INFO: Blender create Mesh node 6 Queens Gate | individual window consoles
19:10:50 | INFO: Blender create Mesh node 6 Queens Gate | inward eaves
19:10:50 | INFO: Blender create Mesh node 6 Queens Gate | lintels
19:10:50 | INFO: Blender create Mesh node 6 Queens Gate | low parapet
19:10:51 | INFO: Blender create Mesh node 6 Queens Gate | middle storey pilasters
19:10:51 | INFO: Blender create Mesh node 6 Queens Gate | mitred coping
19:10:51 | INFO: Blender create Mesh node 6 Queens Gate | painted joinery
19:10:51 | INFO: Blender create Mesh node 6 Queens Gate | pierced masonry
19:10:51 | INFO: Blender create Mesh node 6 Queens Gate | projecting sills
19:10:51 | INFO: Blender create Mesh node 6 Queens Gate | recessed arched glazing
19:10:51 | INFO: Blender create Mesh node 6 Queens Gate | recessed door
19:10:51 | INFO: Blender create Mesh node 6 Queens Gate | recessed glazing
19:10:51 | INFO: Blender create Mesh node 6 Queens Gate | simplified capitals
19:10:51 | INFO: Blender create Mesh node 6 Queens Gate | street cornice
19:10:51 | INFO: Blender create Mesh node finite entry approach from audited ground.002
19:10:51 | INFO: Blender create Mesh node 6 Queens Gate | threshold
19:10:51 | INFO: Blender create Mesh node 6 Queens Gate | upper cornice consoles
19:10:51 | INFO: Blender create Mesh node 6 Queens Gate | upper sash meeting rail
19:10:51 | INFO: Blender create Mesh node 6 Queens Gate | window mullions
19:10:51 | INFO: Blender create Mesh node 6 Queens Gate | window transoms
19:10:51 | INFO: Blender create Mesh node finite additional entry support
19:10:51 | INFO: Blender create Mesh node 25 Princes Gate | capital leaf blocks
19:10:51 | INFO: Blender create Mesh node 25 Princes Gate | central triangular pediment
19:10:51 | INFO: Blender create Mesh node 25 Princes Gate | complete seven-point concave roof deck
19:10:51 | INFO: Blender create Mesh node 25 Princes Gate | continuous stone balcony deck
19:10:51 | INFO: Blender create Mesh node 25 Princes Gate | continuous stone balcony handrail
19:10:51 | INFO: Blender create Mesh node 25 Princes Gate | Corinthian pilaster shafts
19:10:51 | INFO: Blender create Mesh node 25 Princes Gate | Corinthian simplified capitals
19:10:51 | INFO: Blender create Mesh node 25 Princes Gate | Corinthian simplified pilaster bases
19:10:51 | INFO: Blender create Mesh node 25 Princes Gate | door hardware
19:10:51 | INFO: Blender create Mesh node 25 Princes Gate | door recessed lower panel
19:10:51 | INFO: Blender create Mesh node 25 Princes Gate | door recessed upper panel
19:10:51 | INFO: Blender create Mesh node 25 Princes Gate | end terrace rusticated quoins
19:10:51 | INFO: Blender create Mesh node 25 Princes Gate | entrance leaves
19:10:51 | INFO: Blender create Mesh node 25 Princes Gate | entry transom
19:10:51 | INFO: Blender create Mesh node 25 Princes Gate | fifth-storey cornice brackets
19:10:51 | INFO: Blender create Mesh node 25 Princes Gate | first order window entablature
19:10:51 | INFO: Blender create Mesh node 25 Princes Gate | flush threshold
19:10:51 | INFO: Blender create Mesh node 25 Princes Gate | ground rustication arrises
19:10:51 | INFO: Blender create Mesh node 25 Princes Gate | Ionic capital volutes
19:10:51 | INFO: Blender create Mesh node 25 Princes Gate | Ionic porch abacus
19:10:51 | INFO: Blender create Mesh node 25 Princes Gate | Ionic porch entablature
19:10:51 | INFO: Blender create Mesh node 25 Princes Gate | Ionic porch plinth
19:10:51 | INFO: Blender create Mesh node 25 Princes Gate | Ionic porch shafts
19:10:51 | INFO: Blender create Mesh node 25 Princes Gate | low hidden roof parapet
19:10:51 | INFO: Blender create Mesh node 25 Princes Gate | painted sash frames
19:10:51 | INFO: Blender create Mesh node 25 Princes Gate | pierced muted masonry facades
19:10:51 | INFO: Blender create Mesh node 25 Princes Gate | plain brick plinth
19:10:51 | INFO: Blender create Mesh node 25 Princes Gate | plain eaves and floor course
19:10:51 | INFO: Blender create Mesh node 25 Princes Gate | plain entrance jambs
19:10:51 | INFO: Blender create Mesh node 25 Princes Gate | plain entrance lintel
19:10:51 | INFO: Blender create Mesh node 25 Princes Gate | plain sash mullions
19:10:51 | INFO: Blender create Mesh node 25 Princes Gate | plain sash transoms
19:10:52 | INFO: Blender create Mesh node finite porch support
19:10:52 | INFO: Blender create Mesh node 25 Princes Gate | recessed townhouse sash glazing
19:10:52 | INFO: Blender create Mesh node 25 Princes Gate | second-floor window hood
19:10:52 | INFO: Blender create Mesh node 25 Princes Gate | shallow parapet coping
19:10:52 | INFO: Blender create Mesh node 25 Princes Gate | stone balcony end piers
19:10:52 | INFO: Blender create Mesh node 25 Princes Gate | stone turned balcony balusters
19:10:52 | INFO: Blender create Mesh node 25 Princes Gate | stone window sills
19:10:53 | INFO: Blender create Mesh node 25 Princes Gate | subtle brick headers
19:10:53 | INFO: Blender create Mesh node finite entry approach from audited ground.001
19:10:53 | INFO: Blender create Mesh node 25 Princes Gate | window entablature dentils
19:10:53 | INFO: Blender create Mesh node 48 Princes Gardens | architrave head
19:10:53 | INFO: Blender create Mesh node 48 Princes Gardens | architrave upright
19:10:53 | INFO: Blender create Mesh node 48 Princes Gardens | central second floor pediment
19:10:53 | INFO: Blender create Mesh node 48 Princes Gardens | complete concave mapped roof deck
19:10:53 | INFO: Blender create Mesh node 48 Princes Gardens | continuous first floor balcony deck
19:10:53 | INFO: Blender create Mesh node 48 Princes Gardens | continuous first floor balustrade rail
19:10:53 | INFO: Blender create Mesh node 48 Princes Gardens | continuous mitred contained stringcourse
19:10:53 | INFO: Blender create Mesh node 48 Princes Gardens | cornice modillions
19:10:53 | INFO: Blender create Mesh node 48 Princes Gardens | cornice window hoods
19:10:53 | INFO: Blender create Mesh node 48 Princes Gardens | door leaf panel mouldings
19:10:53 | INFO: Blender create Mesh node 48 Princes Gardens | door leaf transom rail
19:10:53 | INFO: Blender create Mesh node 48 Princes Gardens | entrance glazed transom
19:10:53 | INFO: Blender create Mesh node 48 Princes Gardens | entrance head frame
19:10:53 | INFO: Blender create Mesh node 48 Princes Gardens | entrance jamb
19:10:53 | INFO: Blender create Mesh node 48 Princes Gardens | entrance stone head
19:10:53 | INFO: Blender create Mesh node 48 Princes Gardens | entrance stone surrounds
19:10:53 | INFO: Blender create Mesh node 48 Princes Gardens | estimated front rear roof parapet
19:10:53 | INFO: Blender create Mesh node 48 Princes Gardens | first floor bottle balusters
19:10:53 | INFO: Blender create Mesh node 48 Princes Gardens | first floor Corinthian shafts
19:10:54 | INFO: Blender create Mesh node 48 Princes Gardens | first floor French casement mullion
19:10:54 | INFO: Blender create Mesh node 48 Princes Gardens | front bracketed frieze
19:10:54 | INFO: Blender create Mesh node 48 Princes Gardens | front projecting cornice
19:10:54 | INFO: Blender create Mesh node 48 Princes Gardens | front rear coping
19:10:54 | INFO: Blender create Mesh node 48 Princes Gardens | ground stucco channel courses
19:10:54 | INFO: Blender create Mesh node 48 Princes Gardens | pierced wall lintel infill
19:10:54 | INFO: Blender create Mesh node 48 Princes Gardens | pierced wall piers
19:10:54 | INFO: Blender create Mesh node 48 Princes Gardens | pierced wall sill infill
19:10:54 | INFO: Blender create Mesh node 48 Princes Gardens | projecting stone sill
19:10:54 | INFO: Blender create Mesh node 48 Princes Gardens | recessed sash glazing
19:10:54 | INFO: Blender create Mesh node 48 Princes Gardens | sash meeting and bottom rails
19:10:54 | INFO: Blender create Mesh node 48 Princes Gardens | second floor balcony rail
19:10:54 | INFO: Blender create Mesh node 48 Princes Gardens | second floor balcony sill
19:10:54 | INFO: Blender create Mesh node 48 Princes Gardens | second floor bottle balusters
19:10:54 | INFO: Blender create Mesh node 48 Princes Gardens | simplified Corinthian leaf blocks
19:10:54 | INFO: Blender create Mesh node finite entry approach from audited ground
19:10:54 | INFO: Blender create Mesh node 48 Princes Gardens | timber sash side frames
19:10:54 | INFO: Blender create Mesh node 48 Princes Gardens | timber sash upper rail
19:10:54 | INFO: Blender create Mesh node 48 Princes Gardens | window hood corbels
19:10:54 | INFO: Blender create Mesh node 48 Princes Gardens | wood entrance leaf
19:10:55 | INFO: glTF import finished in 4.86s
19:10:56 | INFO: Data are loaded, start creating Blender stuff
19:10:56 | INFO: Blender create Mesh node 3 Princes Gate Mews | complete closed estimated mansard
19:10:56 | INFO: Blender create Mesh node 3 Princes Gate Mews | contained continuous mitred eaves
19:10:56 | INFO: Blender create Mesh node 3 Princes Gate Mews | deep inset glazing
19:10:56 | INFO: Blender create Mesh node 3 Princes Gate Mews | deep projecting stone sill
19:10:56 | INFO: Blender create Mesh node 3 Princes Gate Mews | door head frame
19:10:56 | INFO: Blender create Mesh node 3 Princes Gate Mews | door jamb
19:10:56 | INFO: Blender create Mesh node 3 Princes Gate Mews | door transom frame
19:10:56 | INFO: Blender create Mesh node 3 Princes Gate Mews | door transom glazing
19:10:56 | INFO: Blender create Mesh node 3 Princes Gate Mews | entrance stone jamb surround
19:10:56 | INFO: Blender create Mesh node 3 Princes Gate Mews | estimated rear rainwater pipe
19:10:56 | INFO: Blender create Mesh node 3 Princes Gate Mews | front and rear intermediate course
19:10:56 | INFO: Blender create Mesh node 3 Princes Gate Mews | ground transom rail
19:10:56 | INFO: Blender create Mesh node 3 Princes Gate Mews | inset door panels
19:10:56 | INFO: Blender create Mesh node 3 Princes Gate Mews | painted entrance leaf
19:10:56 | INFO: Blender create Mesh node 3 Princes Gate Mews | pierced wall piers
19:10:56 | INFO: Blender create Mesh node 3 Princes Gate Mews | pipe fixing collars
19:10:56 | INFO: Blender create Mesh node 3 Princes Gate Mews | recessed window bottom sash
19:10:57 | INFO: Blender create Mesh node 3 Princes Gate Mews | recessed window outer sash
19:10:57 | INFO: Blender create Mesh node 3 Princes Gate Mews | segmented low plinth
19:10:57 | INFO: Blender create Mesh node 3 Princes Gate Mews | simple entrance lintel
19:10:57 | INFO: Blender create Mesh node 3 Princes Gate Mews | simple stone window lintel
19:10:57 | INFO: Blender create Mesh node 3 Princes Gate Mews | soldier-course header blocks
19:10:57 | INFO: Blender create Mesh node 3 Princes Gate Mews | solid wall lintels
19:10:57 | INFO: Blender create Mesh node finite entry approach from audited ground
19:10:57 | INFO: Blender create Mesh node 3 Princes Gate Mews | tripartite mews casement mullions
19:10:57 | INFO: Blender create Mesh node 3 Princes Gate Mews | upper sash glazing bars
19:10:57 | INFO: Blender create Mesh node 3 Princes Gate Mews | upper sash meeting rail
19:10:57 | INFO: Blender create Mesh node 3 Princes Gate Mews | wall below recessed apertures
19:10:57 | INFO: Blender create Mesh node 10 Queens Gate Place Mews | casement meeting rail
19:10:57 | INFO: Blender create Mesh node 10 Queens Gate Place Mews | casement mullions
19:10:57 | INFO: Blender create Mesh node 10 Queens Gate Place Mews | corner brick piers
19:10:57 | INFO: Blender create Mesh node 10 Queens Gate Place Mews | door glass fanlight
19:10:57 | INFO: Blender create Mesh node 10 Queens Gate Place Mews | door handle
19:10:57 | INFO: Blender create Mesh node 10 Queens Gate Place Mews | door transom
19:10:57 | INFO: Blender create Mesh node 10 Queens Gate Place Mews | estimated hipped roof
19:10:57 | INFO: Blender create Mesh node 10 Queens Gate Place Mews | frame head
19:10:57 | INFO: Blender create Mesh node 10 Queens Gate Place Mews | frame jambs
19:10:57 | INFO: Blender create Mesh node 10 Queens Gate Place Mews | frame sill rail
19:10:57 | INFO: Blender create Mesh node 10 Queens Gate Place Mews | front rear eaves
19:10:57 | INFO: Blender create Mesh node 10 Queens Gate Place Mews | full polygon roof basecap
19:10:57 | INFO: Blender create Mesh node 10 Queens Gate Place Mews | inward eaves
19:10:57 | INFO: Blender create Mesh node 10 Queens Gate Place Mews | lintels
19:10:57 | INFO: Blender create Mesh node 10 Queens Gate Place Mews | pierced masonry
19:10:57 | INFO: Blender create Mesh node 10 Queens Gate Place Mews | plain first floor stringcourse
19:10:57 | INFO: Blender create Mesh node 10 Queens Gate Place Mews | projecting sills
19:10:57 | INFO: Blender create Mesh node 10 Queens Gate Place Mews | recessed door
19:10:57 | INFO: Blender create Mesh node 10 Queens Gate Place Mews | recessed glazing
19:10:57 | INFO: Blender create Mesh node 10 Queens Gate Place Mews | small brick eaves dentils
19:10:57 | INFO: Blender create Mesh node finite entry approach from audited ground.001
19:10:57 | INFO: Blender create Mesh node 10 Queens Gate Place Mews | threshold
19:10:57 | INFO: Blender create Mesh node finite entry approach from audited ground.002
19:10:57 | INFO: Blender create Mesh node 18 Queen’s Gate Place Mews | complete five-point roof deck
19:10:57 | INFO: Blender create Mesh node 18 Queen’s Gate Place Mews | door hardware
19:10:57 | INFO: Blender create Mesh node 18 Queen’s Gate Place Mews | door recessed lower panel
19:10:57 | INFO: Blender create Mesh node 18 Queen’s Gate Place Mews | door recessed upper panel
19:10:57 | INFO: Blender create Mesh node 18 Queen’s Gate Place Mews | entrance leaves
19:10:57 | INFO: Blender create Mesh node 18 Queen’s Gate Place Mews | entry transom
19:10:57 | INFO: Blender create Mesh node 18 Queen’s Gate Place Mews | flush threshold
19:10:57 | INFO: Blender create Mesh node 18 Queen’s Gate Place Mews | low mews roof parapet
19:10:57 | INFO: Blender create Mesh node 18 Queen’s Gate Place Mews | painted sash frames
19:10:57 | INFO: Blender create Mesh node 18 Queen’s Gate Place Mews | paired window center mullions
19:10:57 | INFO: Blender create Mesh node 18 Queen’s Gate Place Mews | pierced muted masonry facades
19:10:57 | INFO: Blender create Mesh node 18 Queen’s Gate Place Mews | plain brick plinth
19:10:57 | INFO: Blender create Mesh node 18 Queen’s Gate Place Mews | plain eaves and floor course
19:10:57 | INFO: Blender create Mesh node 18 Queen’s Gate Place Mews | plain entrance jambs
19:10:57 | INFO: Blender create Mesh node 18 Queen’s Gate Place Mews | plain entrance lintel
19:10:58 | INFO: Blender create Mesh node 18 Queen’s Gate Place Mews | plain sash transoms
19:10:58 | INFO: Blender create Mesh node 18 Queen’s Gate Place Mews | recessed paired mews glazing
19:10:58 | INFO: Blender create Mesh node 18 Queen’s Gate Place Mews | shallow parapet coping
19:10:58 | INFO: Blender create Mesh node 18 Queen’s Gate Place Mews | stone window sills
19:10:58 | INFO: Blender create Mesh node 18 Queen’s Gate Place Mews | subtle brick headers
19:10:58 | INFO: glTF import finished in 1.87s
19:10:59 | INFO: Data are loaded, start creating Blender stuff
19:10:59 | INFO: Blender create Mesh node finite porch support.001
19:10:59 | INFO: Blender create Mesh node finite entry approach from audited ground.002
19:10:59 | INFO: Blender create Mesh node 7 Queens Gate | arched frame
19:10:59 | INFO: Blender create Mesh node 7 Queens Gate | arched window spandrel
19:10:59 | INFO: Blender create Mesh node 7 Queens Gate | balcony balusters
19:10:59 | INFO: Blender create Mesh node 7 Queens Gate | balcony upper rail
19:10:59 | INFO: Blender create Mesh node 7 Queens Gate | complete mapped roof basecap
19:10:59 | INFO: Blender create Mesh node 7 Queens Gate | concave roof membrane
19:10:59 | INFO: Blender create Mesh node 7 Queens Gate | door glass fanlight
19:10:59 | INFO: Blender create Mesh node 7 Queens Gate | door handle
19:10:59 | INFO: Blender create Mesh node 7 Queens Gate | door transom
19:10:59 | INFO: Blender create Mesh node 7 Queens Gate | Doric column abaci
19:10:59 | INFO: Blender create Mesh node 7 Queens Gate | Doric column square plinths
19:10:59 | INFO: Blender create Mesh node 7 Queens Gate | first floor balcony deck
19:10:59 | INFO: Blender create Mesh node 7 Queens Gate | flush floor course
19:10:59 | INFO: Blender create Mesh node 7 Queens Gate | individual window consoles
19:10:59 | INFO: Blender create Mesh node 7 Queens Gate | inward eaves
19:10:59 | INFO: Blender create Mesh node 7 Queens Gate | lintels
19:10:59 | INFO: Blender create Mesh node 7 Queens Gate | low parapet
19:10:59 | INFO: Blender create Mesh node 7 Queens Gate | middle storey pilasters
19:10:59 | INFO: Blender create Mesh node 7 Queens Gate | mitred coping
19:10:59 | INFO: Blender create Mesh node 7 Queens Gate | painted joinery
19:10:59 | INFO: Blender create Mesh node 7 Queens Gate | pierced masonry
19:10:59 | INFO: Blender create Mesh node 7 Queens Gate | projecting portico architrave
19:10:59 | INFO: Blender create Mesh node 7 Queens Gate | projecting portico cornice
19:10:59 | INFO: Blender create Mesh node 7 Queens Gate | projecting sills
19:10:59 | INFO: Blender create Mesh node 7 Queens Gate | recessed arched glazing
19:11:00 | INFO: Blender create Mesh node 7 Queens Gate | recessed door
19:11:00 | INFO: Blender create Mesh node 7 Queens Gate | recessed glazing
19:11:00 | INFO: Blender create Mesh node 7 Queens Gate | simplified capitals
19:11:00 | INFO: Blender create Mesh node 7 Queens Gate | street cornice
19:11:00 | INFO: Blender create Mesh node 7 Queens Gate | tapered Doric shafts and echinus
19:11:00 | INFO: Blender create Mesh node 7 Queens Gate | threshold
19:11:00 | INFO: Blender create Mesh node 7 Queens Gate | upper cornice consoles
19:11:00 | INFO: Blender create Mesh node 7 Queens Gate | upper sash meeting rail
19:11:00 | INFO: Blender create Mesh node 7 Queens Gate | window mullions
19:11:00 | INFO: Blender create Mesh node 7 Queens Gate | window transoms
19:11:00 | INFO: Blender create Mesh node finite additional entry support
19:11:00 | INFO: Blender create Mesh node 24 Princes Gate | capital leaf blocks
19:11:00 | INFO: Blender create Mesh node 24 Princes Gate | central triangular pediment
19:11:00 | INFO: Blender create Mesh node 24 Princes Gate | complete four-point roof deck
19:11:00 | INFO: Blender create Mesh node 24 Princes Gate | continuous stone balcony deck
19:11:00 | INFO: Blender create Mesh node 24 Princes Gate | continuous stone balcony handrail
19:11:00 | INFO: Blender create Mesh node 24 Princes Gate | Corinthian pilaster shafts
19:11:00 | INFO: Blender create Mesh node 24 Princes Gate | Corinthian simplified capitals
19:11:00 | INFO: Blender create Mesh node 24 Princes Gate | Corinthian simplified pilaster bases
19:11:00 | INFO: Blender create Mesh node 24 Princes Gate | door hardware
19:11:00 | INFO: Blender create Mesh node 24 Princes Gate | door recessed lower panel
19:11:00 | INFO: Blender create Mesh node 24 Princes Gate | door recessed upper panel
19:11:00 | INFO: Blender create Mesh node 24 Princes Gate | end terrace rusticated quoins
19:11:00 | INFO: Blender create Mesh node 24 Princes Gate | entrance leaves
19:11:00 | INFO: Blender create Mesh node 24 Princes Gate | entry transom
19:11:00 | INFO: Blender create Mesh node 24 Princes Gate | first order window entablature
19:11:00 | INFO: Blender create Mesh node 24 Princes Gate | flush threshold
19:11:00 | INFO: Blender create Mesh node 24 Princes Gate | ground rustication arrises
19:11:00 | INFO: Blender create Mesh node 24 Princes Gate | Ionic capital volutes
19:11:00 | INFO: Blender create Mesh node 24 Princes Gate | Ionic porch abacus
19:11:00 | INFO: Blender create Mesh node 24 Princes Gate | Ionic porch entablature
19:11:00 | INFO: Blender create Mesh node 24 Princes Gate | Ionic porch plinth
19:11:00 | INFO: Blender create Mesh node 24 Princes Gate | Ionic porch shafts
19:11:00 | INFO: Blender create Mesh node 24 Princes Gate | low hidden roof parapet
19:11:00 | INFO: Blender create Mesh node 24 Princes Gate | painted sash frames
19:11:00 | INFO: Blender create Mesh node 24 Princes Gate | pierced muted masonry facades
19:11:00 | INFO: Blender create Mesh node 24 Princes Gate | plain brick plinth
19:11:00 | INFO: Blender create Mesh node 24 Princes Gate | plain eaves and floor course
19:11:00 | INFO: Blender create Mesh node 24 Princes Gate | plain entrance jambs
19:11:01 | INFO: Blender create Mesh node 24 Princes Gate | plain entrance lintel
19:11:01 | INFO: Blender create Mesh node 24 Princes Gate | plain fifth-storey front cornice
19:11:01 | INFO: Blender create Mesh node 24 Princes Gate | plain sash mullions
19:11:01 | INFO: Blender create Mesh node 24 Princes Gate | plain sash transoms
19:11:01 | INFO: Blender create Mesh node finite porch support
19:11:01 | INFO: Blender create Mesh node 24 Princes Gate | recessed townhouse sash glazing
19:11:01 | INFO: Blender create Mesh node 24 Princes Gate | second-floor window hood
19:11:01 | INFO: Blender create Mesh node 24 Princes Gate | shallow parapet coping
19:11:01 | INFO: Blender create Mesh node 24 Princes Gate | stone balcony end piers
19:11:01 | INFO: Blender create Mesh node 24 Princes Gate | stone turned balcony balusters
19:11:01 | INFO: Blender create Mesh node 24 Princes Gate | stone window sills
19:11:01 | INFO: Blender create Mesh node 24 Princes Gate | subtle brick headers
19:11:01 | INFO: Blender create Mesh node finite entry approach from audited ground
19:11:01 | INFO: Blender create Mesh node 24 Princes Gate | upper Juliet top rail
19:11:01 | INFO: Blender create Mesh node 24 Princes Gate | upper Juliet vertical bars
19:11:01 | INFO: Blender create Mesh node 24 Princes Gate | window entablature dentils
19:11:01 | INFO: Blender create Mesh node 85 Princes Gate Mews | closed upper roof slab
19:11:01 | INFO: Blender create Mesh node 85 Princes Gate Mews | complete six point original footprint deck
19:11:01 | INFO: Blender create Mesh node 85 Princes Gate Mews | contained continuous mitred eaves
19:11:01 | INFO: Blender create Mesh node 85 Princes Gate Mews | deep inset glazing
19:11:01 | INFO: Blender create Mesh node 85 Princes Gate Mews | deep projecting stone sill
19:11:01 | INFO: Blender create Mesh node 85 Princes Gate Mews | door head frame
19:11:01 | INFO: Blender create Mesh node 85 Princes Gate Mews | door jamb
19:11:01 | INFO: Blender create Mesh node 85 Princes Gate Mews | door transom frame
19:11:01 | INFO: Blender create Mesh node 85 Princes Gate Mews | door transom glazing
19:11:01 | INFO: Blender create Mesh node 85 Princes Gate Mews | entrance stone jamb surround
19:11:01 | INFO: Blender create Mesh node 85 Princes Gate Mews | estimated rear rainwater pipe
19:11:01 | INFO: Blender create Mesh node 85 Princes Gate Mews | front and rear intermediate course
19:11:02 | INFO: Blender create Mesh node 85 Princes Gate Mews | ground transom rail
19:11:02 | INFO: Blender create Mesh node 85 Princes Gate Mews | inset door panels
19:11:02 | INFO: Blender create Mesh node 85 Princes Gate Mews | inset upper tier recessed glazing
19:11:02 | INFO: Blender create Mesh node 85 Princes Gate Mews | inset upper tier solid walls
19:11:02 | INFO: Blender create Mesh node 85 Princes Gate Mews | painted entrance leaf
19:11:02 | INFO: Blender create Mesh node 85 Princes Gate Mews | pierced wall piers
19:11:02 | INFO: Blender create Mesh node 85 Princes Gate Mews | pipe fixing collars
19:11:02 | INFO: Blender create Mesh node 85 Princes Gate Mews | recessed window bottom sash
19:11:02 | INFO: Blender create Mesh node 85 Princes Gate Mews | recessed window outer sash
19:11:02 | INFO: Blender create Mesh node 85 Princes Gate Mews | segmented low plinth
19:11:02 | INFO: Blender create Mesh node 85 Princes Gate Mews | simple entrance lintel
19:11:02 | INFO: Blender create Mesh node 85 Princes Gate Mews | simple stone window lintel
19:11:02 | INFO: Blender create Mesh node 85 Princes Gate Mews | soldier-course header blocks
19:11:02 | INFO: Blender create Mesh node 85 Princes Gate Mews | solid wall lintels
19:11:02 | INFO: Blender create Mesh node finite entry approach from audited ground.001
19:11:02 | INFO: Blender create Mesh node 85 Princes Gate Mews | tripartite mews casement mullions
19:11:02 | INFO: Blender create Mesh node 85 Princes Gate Mews | upper sash glazing bars
19:11:02 | INFO: Blender create Mesh node 85 Princes Gate Mews | upper sash meeting rail
19:11:02 | INFO: Blender create Mesh node 85 Princes Gate Mews | upper window head sill frames
19:11:02 | INFO: Blender create Mesh node 85 Princes Gate Mews | upper window meeting rail
19:11:02 | INFO: Blender create Mesh node 85 Princes Gate Mews | upper window stiles
19:11:02 | INFO: Blender create Mesh node 85 Princes Gate Mews | wall below recessed apertures
19:11:02 | INFO: glTF import finished in 3.38s
19:11:02 | INFO: Data are loaded, start creating Blender stuff
19:11:02 | INFO: Blender create Mesh node 4 Princes Gate Mews | closed upper roof slab
19:11:02 | INFO: Blender create Mesh node 4 Princes Gate Mews | complete six point original footprint deck
19:11:02 | INFO: Blender create Mesh node 4 Princes Gate Mews | contained continuous mitred eaves
19:11:02 | INFO: Blender create Mesh node 4 Princes Gate Mews | deep inset glazing
19:11:02 | INFO: Blender create Mesh node 4 Princes Gate Mews | deep projecting stone sill
19:11:02 | INFO: Blender create Mesh node 4 Princes Gate Mews | door head frame
19:11:02 | INFO: Blender create Mesh node 4 Princes Gate Mews | door jamb
19:11:02 | INFO: Blender create Mesh node 4 Princes Gate Mews | door transom frame
19:11:02 | INFO: Blender create Mesh node 4 Princes Gate Mews | door transom glazing
19:11:02 | INFO: Blender create Mesh node 4 Princes Gate Mews | entrance stone jamb surround
19:11:02 | INFO: Blender create Mesh node 4 Princes Gate Mews | estimated rear rainwater pipe
19:11:02 | INFO: Blender create Mesh node 4 Princes Gate Mews | front and rear intermediate course
19:11:02 | INFO: Blender create Mesh node 4 Princes Gate Mews | ground transom rail
19:11:02 | INFO: Blender create Mesh node 4 Princes Gate Mews | inset door panels
19:11:02 | INFO: Blender create Mesh node 4 Princes Gate Mews | inset upper tier recessed glazing
19:11:02 | INFO: Blender create Mesh node 4 Princes Gate Mews | inset upper tier solid walls
19:11:02 | INFO: Blender create Mesh node 4 Princes Gate Mews | painted entrance leaf
19:11:02 | INFO: Blender create Mesh node 4 Princes Gate Mews | pierced wall piers
19:11:02 | INFO: Blender create Mesh node 4 Princes Gate Mews | pipe fixing collars
19:11:02 | INFO: Blender create Mesh node 4 Princes Gate Mews | recessed window bottom sash
19:11:02 | INFO: Blender create Mesh node 4 Princes Gate Mews | recessed window outer sash
19:11:02 | INFO: Blender create Mesh node 4 Princes Gate Mews | segmented low plinth
19:11:02 | INFO: Blender create Mesh node 4 Princes Gate Mews | simple entrance lintel
19:11:02 | INFO: Blender create Mesh node 4 Princes Gate Mews | simple stone window lintel
19:11:03 | INFO: Blender create Mesh node 4 Princes Gate Mews | soldier-course header blocks
19:11:03 | INFO: Blender create Mesh node 4 Princes Gate Mews | solid wall lintels
19:11:03 | INFO: Blender create Mesh node finite entry approach from audited ground
19:11:03 | INFO: Blender create Mesh node 4 Princes Gate Mews | tripartite mews casement mullions
19:11:03 | INFO: Blender create Mesh node 4 Princes Gate Mews | upper sash glazing bars
19:11:03 | INFO: Blender create Mesh node 4 Princes Gate Mews | upper sash meeting rail
19:11:03 | INFO: Blender create Mesh node 4 Princes Gate Mews | upper window head sill frames
19:11:03 | INFO: Blender create Mesh node 4 Princes Gate Mews | upper window meeting rail
19:11:03 | INFO: Blender create Mesh node 4 Princes Gate Mews | upper window stiles
19:11:03 | INFO: Blender create Mesh node 4 Princes Gate Mews | wall below recessed apertures
19:11:03 | INFO: Blender create Mesh node finite entry approach from audited ground.002
19:11:03 | INFO: Blender create Mesh node 8 Queens Gate Place Mews | corner brick piers
19:11:03 | INFO: Blender create Mesh node 8 Queens Gate Place Mews | door glass fanlight
19:11:03 | INFO: Blender create Mesh node 8 Queens Gate Place Mews | door handle
19:11:03 | INFO: Blender create Mesh node 8 Queens Gate Place Mews | door transom
19:11:03 | INFO: Blender create Mesh node 8 Queens Gate Place Mews | estimated flat roof membrane
19:11:03 | INFO: Blender create Mesh node 8 Queens Gate Place Mews | frame head
19:11:03 | INFO: Blender create Mesh node 8 Queens Gate Place Mews | frame jambs
19:11:03 | INFO: Blender create Mesh node 8 Queens Gate Place Mews | frame sill rail
19:11:03 | INFO: Blender create Mesh node 8 Queens Gate Place Mews | front rear eaves
19:11:03 | INFO: Blender create Mesh node 8 Queens Gate Place Mews | full polygon roof basecap
19:11:03 | INFO: Blender create Mesh node 8 Queens Gate Place Mews | inward parapet
19:11:03 | INFO: Blender create Mesh node 8 Queens Gate Place Mews | lintels
19:11:03 | INFO: Blender create Mesh node 8 Queens Gate Place Mews | pierced masonry
19:11:03 | INFO: Blender create Mesh node 8 Queens Gate Place Mews | plain first floor stringcourse
19:11:03 | INFO: Blender create Mesh node 8 Queens Gate Place Mews | projecting sills
19:11:03 | INFO: Blender create Mesh node 8 Queens Gate Place Mews | recessed door
19:11:03 | INFO: Blender create Mesh node 8 Queens Gate Place Mews | recessed glazing
19:11:03 | INFO: Blender create Mesh node 8 Queens Gate Place Mews | sash meeting rail
19:11:03 | INFO: Blender create Mesh node 8 Queens Gate Place Mews | small brick eaves dentils
19:11:03 | INFO: Blender create Mesh node 8 Queens Gate Place Mews | threshold
19:11:03 | INFO: Blender create Mesh node 8 Queens Gate Place Mews | upper sash vertical bar
19:11:03 | INFO: Blender create Mesh node finite entry approach from audited ground.001
19:11:03 | INFO: Blender create Mesh node 20 Queen’s Gate Place Mews | complete four-point roof base deck
19:11:03 | INFO: Blender create Mesh node 20 Queen’s Gate Place Mews | contained mansard continuous slopes
19:11:03 | INFO: Blender create Mesh node 20 Queen’s Gate Place Mews | door hardware
19:11:03 | INFO: Blender create Mesh node 20 Queen’s Gate Place Mews | door recessed lower panel
19:11:03 | INFO: Blender create Mesh node 20 Queen’s Gate Place Mews | door recessed upper panel
19:11:03 | INFO: Blender create Mesh node 20 Queen’s Gate Place Mews | entrance leaves
19:11:03 | INFO: Blender create Mesh node 20 Queen’s Gate Place Mews | entry transom
19:11:03 | INFO: Blender create Mesh node 20 Queen’s Gate Place Mews | flush threshold
19:11:03 | INFO: Blender create Mesh node 20 Queen’s Gate Place Mews | mansard complete upper cap
19:11:03 | INFO: Blender create Mesh node 20 Queen’s Gate Place Mews | painted sash frames
19:11:03 | INFO: Blender create Mesh node 20 Queen’s Gate Place Mews | paired window center mullions
19:11:03 | INFO: Blender create Mesh node 20 Queen’s Gate Place Mews | pierced muted masonry facades
19:11:03 | INFO: Blender create Mesh node 20 Queen’s Gate Place Mews | plain brick plinth
19:11:03 | INFO: Blender create Mesh node 20 Queen’s Gate Place Mews | plain eaves and floor course
19:11:03 | INFO: Blender create Mesh node 20 Queen’s Gate Place Mews | plain entrance jambs
19:11:03 | INFO: Blender create Mesh node 20 Queen’s Gate Place Mews | plain entrance lintel
19:11:03 | INFO: Blender create Mesh node 20 Queen’s Gate Place Mews | plain sash transoms
19:11:03 | INFO: Blender create Mesh node 20 Queen’s Gate Place Mews | recessed paired mews glazing
19:11:03 | INFO: Blender create Mesh node 20 Queen’s Gate Place Mews | stone window sills
19:11:03 | INFO: Blender create Mesh node 20 Queen’s Gate Place Mews | subtle brick headers
19:11:04 | INFO: glTF import finished in 1.25s
19:11:04 | INFO: Data are loaded, start creating Blender stuff
19:11:04 | INFO: Blender create Mesh node 1 Montrose Court | complete original five point roof deck
19:11:04 | INFO: Blender create Mesh node 1 Montrose Court | contained continuous mitred eaves
19:11:04 | INFO: Blender create Mesh node 1 Montrose Court | contained simple sill
19:11:04 | INFO: Blender create Mesh node 1 Montrose Court | deep inset glazing
19:11:04 | INFO: Blender create Mesh node 1 Montrose Court | door head frame
19:11:04 | INFO: Blender create Mesh node 1 Montrose Court | door jamb
19:11:04 | INFO: Blender create Mesh node 1 Montrose Court | entrance jamb surround
19:11:04 | INFO: Blender create Mesh node 1 Montrose Court | entry pull handle
19:11:04 | INFO: Blender create Mesh node 1 Montrose Court | estimated rear rainwater pipe
19:11:04 | INFO: Blender create Mesh node 1 Montrose Court | free edge contained low roof rim
19:11:04 | INFO: Blender create Mesh node 1 Montrose Court | free edge contained roof coping
19:11:04 | INFO: Blender create Mesh node 1 Montrose Court | front and rear intermediate course
19:11:04 | INFO: Blender create Mesh node 1 Montrose Court | modern asymmetrical casement stile
19:11:04 | INFO: Blender create Mesh node 1 Montrose Court | painted entrance leaf
19:11:04 | INFO: Blender create Mesh node 1 Montrose Court | pierced wall piers
19:11:04 | INFO: Blender create Mesh node 1 Montrose Court | pipe fixing collars
19:11:04 | INFO: Blender create Mesh node 1 Montrose Court | plain entrance vertical infill
19:11:04 | INFO: Blender create Mesh node 1 Montrose Court | recessed window bottom sash
19:11:04 | INFO: Blender create Mesh node 1 Montrose Court | recessed window outer sash
19:11:04 | INFO: Blender create Mesh node 1 Montrose Court | segmented low plinth
19:11:04 | INFO: Blender create Mesh node 1 Montrose Court | simple entrance head surround
19:11:04 | INFO: Blender create Mesh node 1 Montrose Court | solid wall lintels
19:11:04 | INFO: Blender create Mesh node finite entry approach from audited ground
19:11:04 | INFO: Blender create Mesh node 1 Montrose Court | wall below recessed apertures
19:11:04 | INFO: Blender create Mesh node finite additional entry support
19:11:04 | INFO: Blender create Mesh node finite porch support.001
19:11:04 | INFO: Blender create Mesh node finite entry approach from audited ground.002
19:11:04 | INFO: Blender create Mesh node 8 Queens Gate | arched frame
19:11:04 | INFO: Blender create Mesh node 8 Queens Gate | arched window spandrel
19:11:04 | INFO: Blender create Mesh node 8 Queens Gate | balcony balusters
19:11:04 | INFO: Blender create Mesh node 8 Queens Gate | balcony upper rail
19:11:04 | INFO: Blender create Mesh node 8 Queens Gate | complete mapped roof basecap
19:11:04 | INFO: Blender create Mesh node 8 Queens Gate | concave roof membrane
19:11:04 | INFO: Blender create Mesh node 8 Queens Gate | door glass fanlight
19:11:04 | INFO: Blender create Mesh node 8 Queens Gate | door handle
19:11:04 | INFO: Blender create Mesh node 8 Queens Gate | door transom
19:11:04 | INFO: Blender create Mesh node 8 Queens Gate | Doric column abaci
19:11:04 | INFO: Blender create Mesh node 8 Queens Gate | Doric column square plinths
19:11:04 | INFO: Blender create Mesh node 8 Queens Gate | first floor balcony deck
19:11:04 | INFO: Blender create Mesh node 8 Queens Gate | flush floor course
19:11:04 | INFO: Blender create Mesh node 8 Queens Gate | individual window consoles
19:11:04 | INFO: Blender create Mesh node 8 Queens Gate | inward eaves
19:11:04 | INFO: Blender create Mesh node 8 Queens Gate | lintels
19:11:04 | INFO: Blender create Mesh node 8 Queens Gate | low parapet
19:11:04 | INFO: Blender create Mesh node 8 Queens Gate | middle storey pilasters
19:11:05 | INFO: Blender create Mesh node 8 Queens Gate | mitred coping
19:11:05 | INFO: Blender create Mesh node 8 Queens Gate | painted joinery
19:11:05 | INFO: Blender create Mesh node 8 Queens Gate | pierced masonry
19:11:05 | INFO: Blender create Mesh node 8 Queens Gate | projecting portico architrave
19:11:05 | INFO: Blender create Mesh node 8 Queens Gate | projecting portico cornice
19:11:05 | INFO: Blender create Mesh node 8 Queens Gate | projecting sills
19:11:05 | INFO: Blender create Mesh node 8 Queens Gate | recessed arched glazing
19:11:05 | INFO: Blender create Mesh node 8 Queens Gate | recessed door
19:11:05 | INFO: Blender create Mesh node 8 Queens Gate | recessed glazing
19:11:05 | INFO: Blender create Mesh node 8 Queens Gate | simplified capitals
19:11:05 | INFO: Blender create Mesh node 8 Queens Gate | street cornice
19:11:05 | INFO: Blender create Mesh node 8 Queens Gate | tapered Doric shafts and echinus
19:11:05 | INFO: Blender create Mesh node 8 Queens Gate | threshold
19:11:05 | INFO: Blender create Mesh node 8 Queens Gate | upper cornice consoles
19:11:05 | INFO: Blender create Mesh node 8 Queens Gate | upper sash meeting rail
19:11:05 | INFO: Blender create Mesh node 8 Queens Gate | window mullions
19:11:05 | INFO: Blender create Mesh node 8 Queens Gate | window transoms
19:11:05 | INFO: Blender create Mesh node 23 Princes Gate (historic school) | capital leaf blocks
19:11:05 | INFO: Blender create Mesh node 23 Princes Gate (historic school) | central triangular pediment
19:11:05 | INFO: Blender create Mesh node 23 Princes Gate (historic school) | complete four-point roof deck
19:11:05 | INFO: Blender create Mesh node 23 Princes Gate (historic school) | continuous stone balcony deck
19:11:05 | INFO: Blender create Mesh node 23 Princes Gate (historic school) | continuous stone balcony handrail
19:11:05 | INFO: Blender create Mesh node 23 Princes Gate (historic school) | Corinthian pilaster shafts
19:11:05 | INFO: Blender create Mesh node 23 Princes Gate (historic school) | Corinthian simplified capitals
19:11:05 | INFO: Blender create Mesh node 23 Princes Gate (historic school) | Corinthian simplified pilaster bases
19:11:05 | INFO: Blender create Mesh node 23 Princes Gate (historic school) | door hardware
19:11:05 | INFO: Blender create Mesh node 23 Princes Gate (historic school) | door recessed lower panel
19:11:05 | INFO: Blender create Mesh node 23 Princes Gate (historic school) | door recessed upper panel
19:11:05 | INFO: Blender create Mesh node 23 Princes Gate (historic school) | entrance leaves
19:11:05 | INFO: Blender create Mesh node 23 Princes Gate (historic school) | entry transom
19:11:05 | INFO: Blender create Mesh node 23 Princes Gate (historic school) | first order window entablature
19:11:05 | INFO: Blender create Mesh node 23 Princes Gate (historic school) | flush threshold
19:11:05 | INFO: Blender create Mesh node 23 Princes Gate (historic school) | ground rustication arrises
19:11:05 | INFO: Blender create Mesh node 23 Princes Gate (historic school) | Ionic capital volutes
19:11:05 | INFO: Blender create Mesh node 23 Princes Gate (historic school) | Ionic porch abacus
19:11:05 | INFO: Blender create Mesh node 23 Princes Gate (historic school) | Ionic porch entablature
19:11:05 | INFO: Blender create Mesh node 23 Princes Gate (historic school) | Ionic porch plinth
19:11:05 | INFO: Blender create Mesh node 23 Princes Gate (historic school) | Ionic porch shafts
19:11:05 | INFO: Blender create Mesh node 23 Princes Gate (historic school) | low hidden roof parapet
19:11:05 | INFO: Blender create Mesh node 23 Princes Gate (historic school) | painted sash frames
19:11:05 | INFO: Blender create Mesh node 23 Princes Gate (historic school) | pierced muted masonry facades
19:11:06 | INFO: Blender create Mesh node 23 Princes Gate (historic school) | plain brick plinth
19:11:06 | INFO: Blender create Mesh node 23 Princes Gate (historic school) | plain eaves and floor course
19:11:06 | INFO: Blender create Mesh node 23 Princes Gate (historic school) | plain entrance jambs
19:11:06 | INFO: Blender create Mesh node 23 Princes Gate (historic school) | plain entrance lintel
19:11:06 | INFO: Blender create Mesh node 23 Princes Gate (historic school) | plain fifth-storey front cornice
19:11:06 | INFO: Blender create Mesh node 23 Princes Gate (historic school) | plain sash mullions
19:11:06 | INFO: Blender create Mesh node 23 Princes Gate (historic school) | plain sash transoms
19:11:06 | INFO: Blender create Mesh node 23 Princes Gate (historic school) | recessed townhouse sash glazing
19:11:06 | INFO: Blender create Mesh node 23 Princes Gate (historic school) | second-floor window hood
19:11:06 | INFO: Blender create Mesh node 23 Princes Gate (historic school) | shallow parapet coping
19:11:06 | INFO: Blender create Mesh node 23 Princes Gate (historic school) | short fifth tier lower stringcourse
19:11:06 | INFO: Blender create Mesh node 23 Princes Gate (historic school) | short fifth tier upper cornice lip
19:11:06 | INFO: Blender create Mesh node 23 Princes Gate (historic school) | stone balcony end piers
19:11:06 | INFO: Blender create Mesh node 23 Princes Gate (historic school) | stone turned balcony balusters
19:11:06 | INFO: Blender create Mesh node 23 Princes Gate (historic school) | stone window sills
19:11:06 | INFO: Blender create Mesh node 23 Princes Gate (historic school) | subtle brick headers
19:11:06 | INFO: Blender create Mesh node 23 Princes Gate (historic school) | upper Juliet top rail
19:11:06 | INFO: Blender create Mesh node 23 Princes Gate (historic school) | upper Juliet vertical bars
19:11:06 | INFO: Blender create Mesh node 23 Princes Gate (historic school) | window entablature dentils
19:11:06 | INFO: Blender create Mesh node finite porch support
19:11:06 | INFO: Blender create Mesh node finite entry approach from audited ground.001
19:11:07 | INFO: glTF import finished in 3.59s
19:11:08 | INFO: Data are loaded, start creating Blender stuff
19:11:08 | INFO: Blender create Mesh node 4a Princes Gate Mews | complete original four point roof deck
19:11:08 | INFO: Blender create Mesh node 4a Princes Gate Mews | contained continuous mitred eaves
19:11:09 | INFO: Blender create Mesh node 4a Princes Gate Mews | contained simple sill
19:11:09 | INFO: Blender create Mesh node 4a Princes Gate Mews | deep inset glazing
19:11:09 | INFO: Blender create Mesh node 4a Princes Gate Mews | door head frame
19:11:09 | INFO: Blender create Mesh node 4a Princes Gate Mews | door jamb
19:11:09 | INFO: Blender create Mesh node 4a Princes Gate Mews | entrance jamb surround
19:11:09 | INFO: Blender create Mesh node 4a Princes Gate Mews | entry pull handle
19:11:09 | INFO: Blender create Mesh node 4a Princes Gate Mews | estimated rear rainwater pipe
19:11:09 | INFO: Blender create Mesh node 4a Princes Gate Mews | free edge contained low roof rim
19:11:09 | INFO: Blender create Mesh node 4a Princes Gate Mews | free edge contained roof coping
19:11:09 | INFO: Blender create Mesh node 4a Princes Gate Mews | front and rear intermediate course
19:11:09 | INFO: Blender create Mesh node 4a Princes Gate Mews | painted entrance leaf
19:11:09 | INFO: Blender create Mesh node 4a Princes Gate Mews | paired narrow casement central stile
19:11:09 | INFO: Blender create Mesh node 4a Princes Gate Mews | pierced wall piers
19:11:09 | INFO: Blender create Mesh node 4a Princes Gate Mews | pipe fixing collars
19:11:09 | INFO: Blender create Mesh node 4a Princes Gate Mews | plain entrance vertical infill
19:11:09 | INFO: Blender create Mesh node 4a Princes Gate Mews | recessed window bottom sash
19:11:09 | INFO: Blender create Mesh node 4a Princes Gate Mews | recessed window outer sash
19:11:09 | INFO: Blender create Mesh node 4a Princes Gate Mews | segmented low plinth
19:11:09 | INFO: Blender create Mesh node 4a Princes Gate Mews | segmented upper sash meeting rails
19:11:09 | INFO: Blender create Mesh node 4a Princes Gate Mews | simple entrance head surround
19:11:09 | INFO: Blender create Mesh node 4a Princes Gate Mews | solid wall lintels
19:11:09 | INFO: Blender create Mesh node finite entry approach from audited ground
19:11:09 | INFO: Blender create Mesh node 4a Princes Gate Mews | wall below recessed apertures
19:11:10 | INFO: Blender create Mesh node 6 Queens Gate Place Mews | casement meeting rail
19:11:10 | INFO: Blender create Mesh node 6 Queens Gate Place Mews | casement mullions
19:11:10 | INFO: Blender create Mesh node 6 Queens Gate Place Mews | closed upper roof slab
19:11:10 | INFO: Blender create Mesh node 6 Queens Gate Place Mews | corner brick piers
19:11:10 | INFO: Blender create Mesh node 6 Queens Gate Place Mews | door glass fanlight
19:11:10 | INFO: Blender create Mesh node 6 Queens Gate Place Mews | door handle
19:11:10 | INFO: Blender create Mesh node 6 Queens Gate Place Mews | door transom
19:11:10 | INFO: Blender create Mesh node 6 Queens Gate Place Mews | frame head
19:11:10 | INFO: Blender create Mesh node 6 Queens Gate Place Mews | frame jambs
19:11:10 | INFO: Blender create Mesh node 6 Queens Gate Place Mews | frame sill rail
19:11:10 | INFO: Blender create Mesh node 6 Queens Gate Place Mews | front rear eaves
19:11:10 | INFO: Blender create Mesh node 6 Queens Gate Place Mews | full mapped lower roof and upper floor
19:11:10 | INFO: Blender create Mesh node 6 Queens Gate Place Mews | inward eaves
19:11:10 | INFO: Blender create Mesh node 6 Queens Gate Place Mews | lintels
19:11:10 | INFO: Blender create Mesh node 6 Queens Gate Place Mews | pierced masonry
19:11:10 | INFO: Blender create Mesh node 6 Queens Gate Place Mews | plain first floor stringcourse
19:11:10 | INFO: Blender create Mesh node 6 Queens Gate Place Mews | projecting sills
19:11:10 | INFO: Blender create Mesh node 6 Queens Gate Place Mews | recessed door
19:11:10 | INFO: Blender create Mesh node 6 Queens Gate Place Mews | recessed glazing
19:11:10 | INFO: Blender create Mesh node 6 Queens Gate Place Mews | small brick eaves dentils
19:11:10 | INFO: Blender create Mesh node finite entry approach from audited ground.002
19:11:10 | INFO: Blender create Mesh node 6 Queens Gate Place Mews | threshold
19:11:10 | INFO: Blender create Mesh node 6 Queens Gate Place Mews | upper frame jambs
19:11:10 | INFO: Blender create Mesh node 6 Queens Gate Place Mews | upper frame rails
19:11:10 | INFO: Blender create Mesh node 6 Queens Gate Place Mews | upper pierced masonry
19:11:10 | INFO: Blender create Mesh node 6 Queens Gate Place Mews | upper projecting sill
19:11:11 | INFO: Blender create Mesh node 6 Queens Gate Place Mews | upper recessed glass
19:11:11 | INFO: Blender create Mesh node 6 Queens Gate Place Mews | upper sash rail
19:11:11 | INFO: Blender create Mesh node finite entry approach from audited ground.001
19:11:11 | INFO: Blender create Mesh node 23 Queen’s Gate Mews | complete six-point roof deck
19:11:11 | INFO: Blender create Mesh node 23 Queen’s Gate Mews | door hardware
19:11:11 | INFO: Blender create Mesh node 23 Queen’s Gate Mews | door recessed lower panel
19:11:11 | INFO: Blender create Mesh node 23 Queen’s Gate Mews | door recessed upper panel
19:11:11 | INFO: Blender create Mesh node 23 Queen’s Gate Mews | entrance leaves
19:11:11 | INFO: Blender create Mesh node 23 Queen’s Gate Mews | entry transom
19:11:11 | INFO: Blender create Mesh node 23 Queen’s Gate Mews | flush threshold
19:11:11 | INFO: Blender create Mesh node 23 Queen’s Gate Mews | low mews roof parapet
19:11:11 | INFO: Blender create Mesh node 23 Queen’s Gate Mews | painted sash frames
19:11:11 | INFO: Blender create Mesh node 23 Queen’s Gate Mews | paired window center mullions
19:11:12 | INFO: Blender create Mesh node 23 Queen’s Gate Mews | pierced muted masonry facades
19:11:12 | INFO: Blender create Mesh node 23 Queen’s Gate Mews | plain brick plinth
19:11:12 | INFO: Blender create Mesh node 23 Queen’s Gate Mews | plain eaves and floor course
19:11:12 | INFO: Blender create Mesh node 23 Queen’s Gate Mews | plain entrance jambs
19:11:12 | INFO: Blender create Mesh node 23 Queen’s Gate Mews | plain entrance lintel
19:11:12 | INFO: Blender create Mesh node 23 Queen’s Gate Mews | plain sash transoms
19:11:12 | INFO: Blender create Mesh node 23 Queen’s Gate Mews | recessed paired mews glazing
19:11:12 | INFO: Blender create Mesh node 23 Queen’s Gate Mews | shallow parapet coping
19:11:12 | INFO: Blender create Mesh node 23 Queen’s Gate Mews | stone window sills
19:11:12 | INFO: Blender create Mesh node 23 Queen’s Gate Mews | subtle brick headers
19:11:14 | INFO: glTF import finished in 5.79s
19:11:15 | INFO: Data are loaded, start creating Blender stuff
19:11:15 | INFO: Blender create Mesh node 2 Montrose Court | complete original four point roof deck
19:11:15 | INFO: Blender create Mesh node 2 Montrose Court | contained continuous mitred eaves
19:11:15 | INFO: Blender create Mesh node 2 Montrose Court | contained simple sill
19:11:15 | INFO: Blender create Mesh node 2 Montrose Court | deep inset glazing
19:11:15 | INFO: Blender create Mesh node 2 Montrose Court | door head frame
19:11:15 | INFO: Blender create Mesh node 2 Montrose Court | door jamb
19:11:15 | INFO: Blender create Mesh node 2 Montrose Court | entrance jamb surround
19:11:15 | INFO: Blender create Mesh node 2 Montrose Court | entry pull handle
19:11:15 | INFO: Blender create Mesh node 2 Montrose Court | estimated rear rainwater pipe
19:11:15 | INFO: Blender create Mesh node 2 Montrose Court | free edge contained low roof rim
19:11:15 | INFO: Blender create Mesh node 2 Montrose Court | free edge contained roof coping
19:11:15 | INFO: Blender create Mesh node 2 Montrose Court | front and rear intermediate course
19:11:16 | INFO: Blender create Mesh node 2 Montrose Court | modern asymmetrical casement stile
19:11:16 | INFO: Blender create Mesh node 2 Montrose Court | painted entrance leaf
19:11:16 | INFO: Blender create Mesh node 2 Montrose Court | pierced wall piers
19:11:16 | INFO: Blender create Mesh node 2 Montrose Court | pipe fixing collars
19:11:16 | INFO: Blender create Mesh node 2 Montrose Court | plain entrance vertical infill
19:11:16 | INFO: Blender create Mesh node 2 Montrose Court | recessed window bottom sash
19:11:16 | INFO: Blender create Mesh node 2 Montrose Court | recessed window outer sash
19:11:16 | INFO: Blender create Mesh node 2 Montrose Court | segmented low plinth
19:11:16 | INFO: Blender create Mesh node 2 Montrose Court | simple entrance head surround
19:11:16 | INFO: Blender create Mesh node 2 Montrose Court | solid wall lintels
19:11:16 | INFO: Blender create Mesh node finite entry approach from audited ground
19:11:16 | INFO: Blender create Mesh node 2 Montrose Court | wall below recessed apertures
19:11:16 | INFO: Blender create Mesh node finite additional entry support.001
19:11:16 | INFO: Blender create Mesh node 9 Queens Gate | arched frame
19:11:16 | INFO: Blender create Mesh node 9 Queens Gate | arched window spandrel
19:11:16 | INFO: Blender create Mesh node 9 Queens Gate | balcony balusters
19:11:16 | INFO: Blender create Mesh node 9 Queens Gate | balcony upper rail
19:11:16 | INFO: Blender create Mesh node 9 Queens Gate | complete mapped roof basecap
19:11:16 | INFO: Blender create Mesh node 9 Queens Gate | concave roof membrane
19:11:16 | INFO: Blender create Mesh node 9 Queens Gate | door glass fanlight
19:11:16 | INFO: Blender create Mesh node 9 Queens Gate | door handle
19:11:16 | INFO: Blender create Mesh node 9 Queens Gate | door transom
19:11:16 | INFO: Blender create Mesh node 9 Queens Gate | Doric column abaci
19:11:16 | INFO: Blender create Mesh node 9 Queens Gate | Doric column square plinths
19:11:16 | INFO: Blender create Mesh node 9 Queens Gate | first floor balcony deck
19:11:17 | INFO: Blender create Mesh node 9 Queens Gate | flush floor course
19:11:17 | INFO: Blender create Mesh node 9 Queens Gate | individual window consoles
19:11:17 | INFO: Blender create Mesh node 9 Queens Gate | inward eaves
19:11:17 | INFO: Blender create Mesh node 9 Queens Gate | lintels
19:11:17 | INFO: Blender create Mesh node 9 Queens Gate | low parapet
19:11:17 | INFO: Blender create Mesh node 9 Queens Gate | middle storey pilasters
19:11:17 | INFO: Blender create Mesh node 9 Queens Gate | mitred coping
19:11:17 | INFO: Blender create Mesh node 9 Queens Gate | painted joinery
19:11:17 | INFO: Blender create Mesh node 9 Queens Gate | pierced masonry
19:11:17 | INFO: Blender create Mesh node finite porch support.001
19:11:17 | INFO: Blender create Mesh node 9 Queens Gate | projecting portico architrave
19:11:17 | INFO: Blender create Mesh node 9 Queens Gate | projecting portico cornice
19:11:17 | INFO: Blender create Mesh node 9 Queens Gate | projecting sills
19:11:17 | INFO: Blender create Mesh node 9 Queens Gate | recessed arched glazing
19:11:17 | INFO: Blender create Mesh node 9 Queens Gate | recessed door
19:11:17 | INFO: Blender create Mesh node 9 Queens Gate | recessed glazing
19:11:17 | INFO: Blender create Mesh node 9 Queens Gate | simplified capitals
19:11:17 | INFO: Blender create Mesh node 9 Queens Gate | street cornice
19:11:17 | INFO: Blender create Mesh node finite entry approach from audited ground.002
19:11:17 | INFO: Blender create Mesh node 9 Queens Gate | tapered Doric shafts and echinus
19:11:17 | INFO: Blender create Mesh node 9 Queens Gate | threshold
19:11:17 | INFO: Blender create Mesh node 9 Queens Gate | upper cornice consoles
19:11:17 | INFO: Blender create Mesh node 9 Queens Gate | upper sash meeting rail
19:11:17 | INFO: Blender create Mesh node 9 Queens Gate | window mullions
19:11:17 | INFO: Blender create Mesh node 9 Queens Gate | window transoms
19:11:18 | INFO: Blender create Mesh node finite additional entry support
19:11:18 | INFO: Blender create Mesh node 22 Princes Gate | capital leaf blocks
19:11:18 | INFO: Blender create Mesh node 22 Princes Gate | central triangular pediment
19:11:18 | INFO: Blender create Mesh node 22 Princes Gate | complete four-point roof deck
19:11:18 | INFO: Blender create Mesh node 22 Princes Gate | continuous stone balcony deck
19:11:18 | INFO: Blender create Mesh node 22 Princes Gate | continuous stone balcony handrail
19:11:18 | INFO: Blender create Mesh node 22 Princes Gate | Corinthian pilaster shafts
19:11:18 | INFO: Blender create Mesh node 22 Princes Gate | Corinthian simplified capitals
19:11:18 | INFO: Blender create Mesh node 22 Princes Gate | Corinthian simplified pilaster bases
19:11:18 | INFO: Blender create Mesh node 22 Princes Gate | door hardware
19:11:18 | INFO: Blender create Mesh node 22 Princes Gate | door recessed lower panel
19:11:18 | INFO: Blender create Mesh node 22 Princes Gate | door recessed upper panel
19:11:18 | INFO: Blender create Mesh node 22 Princes Gate | entrance leaves
19:11:18 | INFO: Blender create Mesh node 22 Princes Gate | entry transom
19:11:18 | INFO: Blender create Mesh node 22 Princes Gate | fifth tier recessed relief backing
19:11:18 | INFO: Blender create Mesh node 22 Princes Gate | fifth tier relief leaf accents
19:11:18 | INFO: Blender create Mesh node 22 Princes Gate | fifth tier relief lower stringcourse
19:11:18 | INFO: Blender create Mesh node 22 Princes Gate | fifth tier relief panel frames
19:11:18 | INFO: Blender create Mesh node 22 Princes Gate | fifth tier simplified relief rosettes
19:11:18 | INFO: Blender create Mesh node 22 Princes Gate | first order window entablature
19:11:18 | INFO: Blender create Mesh node 22 Princes Gate | flush threshold
19:11:18 | INFO: Blender create Mesh node 22 Princes Gate | ground rustication arrises
19:11:18 | INFO: Blender create Mesh node 22 Princes Gate | Ionic capital volutes
19:11:18 | INFO: Blender create Mesh node 22 Princes Gate | Ionic porch abacus
19:11:18 | INFO: Blender create Mesh node 22 Princes Gate | Ionic porch entablature
19:11:18 | INFO: Blender create Mesh node 22 Princes Gate | Ionic porch plinth
19:11:18 | INFO: Blender create Mesh node 22 Princes Gate | Ionic porch shafts
19:11:18 | INFO: Blender create Mesh node 22 Princes Gate | low hidden roof parapet
19:11:18 | INFO: Blender create Mesh node 22 Princes Gate | painted sash frames
19:11:19 | INFO: Blender create Mesh node 22 Princes Gate | pierced muted masonry facades
19:11:19 | INFO: Blender create Mesh node 22 Princes Gate | plain brick plinth
19:11:19 | INFO: Blender create Mesh node 22 Princes Gate | plain eaves and floor course
19:11:19 | INFO: Blender create Mesh node 22 Princes Gate | plain entrance jambs
19:11:19 | INFO: Blender create Mesh node 22 Princes Gate | plain entrance lintel
19:11:19 | INFO: Blender create Mesh node 22 Princes Gate | plain fifth-storey front cornice
19:11:19 | INFO: Blender create Mesh node 22 Princes Gate | plain sash mullions
19:11:19 | INFO: Blender create Mesh node 22 Princes Gate | plain sash transoms
19:11:19 | INFO: Blender create Mesh node finite porch support
19:11:19 | INFO: Blender create Mesh node 22 Princes Gate | recessed townhouse sash glazing
19:11:19 | INFO: Blender create Mesh node 22 Princes Gate | second-floor window hood
19:11:19 | INFO: Blender create Mesh node 22 Princes Gate | shallow parapet coping
19:11:19 | INFO: Blender create Mesh node 22 Princes Gate | stone balcony end piers
19:11:19 | INFO: Blender create Mesh node 22 Princes Gate | stone turned balcony balusters
19:11:19 | INFO: Blender create Mesh node 22 Princes Gate | stone window sills
19:11:19 | INFO: Blender create Mesh node 22 Princes Gate | subtle brick headers
19:11:20 | INFO: Blender create Mesh node finite entry approach from audited ground.001
19:11:20 | INFO: Blender create Mesh node 22 Princes Gate | upper Juliet top rail
19:11:20 | INFO: Blender create Mesh node 22 Princes Gate | upper Juliet vertical bars
19:11:20 | INFO: Blender create Mesh node 22 Princes Gate | window entablature dentils
19:11:21 | INFO: glTF import finished in 6.08s
/Users/yl222/Desktop/UrbanWorldModelVisualizer/geometry_expansion/scripts/build_expansion_batch.py:181: DeprecationWarning: 'World.use_nodes' is expected to be removed in Blender 6.0
  scene.world.use_nodes=True;scene.world.node_tree.nodes['Background'].inputs[0].default_value=(.65,.72,.8,1)
/Users/yl222/Desktop/UrbanWorldModelVisualizer/geometry_expansion/scripts/build_expansion_batch.py:28: DeprecationWarning: 'Material.use_nodes' is expected to be removed in Blender 6.0
  m=bpy.data.materials.new(spec['name']);m.use_nodes=True
Info: Saved as "master.blend"
19:11:32 | INFO: Data are loaded, start creating Blender stuff
19:11:32 | INFO: Blender create Mesh node 4 Queens Gate Place Mews | closed ten corner roof slab
19:11:32 | INFO: Blender create Mesh node 4 Queens Gate Place Mews | corner brick piers
19:11:32 | INFO: Blender create Mesh node 4 Queens Gate Place Mews | door glass fanlight
19:11:32 | INFO: Blender create Mesh node 4 Queens Gate Place Mews | door handle
19:11:32 | INFO: Blender create Mesh node 4 Queens Gate Place Mews | door transom
19:11:32 | INFO: Blender create Mesh node 4 Queens Gate Place Mews | frame head
19:11:32 | INFO: Blender create Mesh node 4 Queens Gate Place Mews | frame jambs
19:11:32 | INFO: Blender create Mesh node 4 Queens Gate Place Mews | frame sill rail
19:11:32 | INFO: Blender create Mesh node 4 Queens Gate Place Mews | front rear eaves
19:11:32 | INFO: Blender create Mesh node 4 Queens Gate Place Mews | inward parapet
19:11:32 | INFO: Blender create Mesh node 4 Queens Gate Place Mews | lintels
19:11:32 | INFO: Blender create Mesh node 4 Queens Gate Place Mews | pierced masonry
19:11:32 | INFO: Blender create Mesh node 4 Queens Gate Place Mews | plain first floor stringcourse
19:11:32 | INFO: Blender create Mesh node 4 Queens Gate Place Mews | projecting sills
19:11:32 | INFO: Blender create Mesh node 4 Queens Gate Place Mews | recessed door
19:11:32 | INFO: Blender create Mesh node 4 Queens Gate Place Mews | recessed glazing
19:11:32 | INFO: Blender create Mesh node 4 Queens Gate Place Mews | sash meeting rail
19:11:32 | INFO: Blender create Mesh node 4 Queens Gate Place Mews | small brick eaves dentils
19:11:32 | INFO: Blender create Mesh node finite entry approach from audited ground.002
19:11:32 | INFO: Blender create Mesh node 4 Queens Gate Place Mews | threshold
19:11:32 | INFO: Blender create Mesh node 4 Queens Gate Place Mews | upper sash vertical bar
19:11:32 | INFO: Blender create Mesh node 5 Princes Gate Mews | closed upper roof slab
19:11:32 | INFO: Blender create Mesh node 5 Princes Gate Mews | complete four point original footprint deck
19:11:32 | INFO: Blender create Mesh node 5 Princes Gate Mews | contained continuous mitred eaves
19:11:32 | INFO: Blender create Mesh node 5 Princes Gate Mews | deep inset glazing
19:11:32 | INFO: Blender create Mesh node 5 Princes Gate Mews | deep mansard recessed glazing
19:11:32 | INFO: Blender create Mesh node 5 Princes Gate Mews | deep projecting stone sill
19:11:32 | INFO: Blender create Mesh node 5 Princes Gate Mews | door head frame
19:11:32 | INFO: Blender create Mesh node 5 Princes Gate Mews | door jamb
19:11:32 | INFO: Blender create Mesh node 5 Princes Gate Mews | door transom frame
19:11:32 | INFO: Blender create Mesh node 5 Princes Gate Mews | door transom glazing
19:11:32 | INFO: Blender create Mesh node 5 Princes Gate Mews | entrance stone jamb surround
19:11:32 | INFO: Blender create Mesh node 5 Princes Gate Mews | estimated rear rainwater pipe
19:11:32 | INFO: Blender create Mesh node 5 Princes Gate Mews | front and rear intermediate course
19:11:32 | INFO: Blender create Mesh node 5 Princes Gate Mews | ground transom rail
19:11:32 | INFO: Blender create Mesh node 5 Princes Gate Mews | inset door panels
19:11:32 | INFO: Blender create Mesh node 5 Princes Gate Mews | mansard frame rails
19:11:32 | INFO: Blender create Mesh node 5 Princes Gate Mews | mansard frame stiles
19:11:32 | INFO: Blender create Mesh node 5 Princes Gate Mews | painted entrance leaf
19:11:32 | INFO: Blender create Mesh node 5 Princes Gate Mews | pierced mansard slope
19:11:32 | INFO: Blender create Mesh node 5 Princes Gate Mews | pierced wall piers
19:11:32 | INFO: Blender create Mesh node 5 Princes Gate Mews | pipe fixing collars
19:11:32 | INFO: Blender create Mesh node 5 Princes Gate Mews | recessed window bottom sash
19:11:32 | INFO: Blender create Mesh node 5 Princes Gate Mews | recessed window outer sash
19:11:32 | INFO: Blender create Mesh node 5 Princes Gate Mews | segmented low plinth
19:11:32 | INFO: Blender create Mesh node 5 Princes Gate Mews | simple entrance lintel
19:11:32 | INFO: Blender create Mesh node 5 Princes Gate Mews | simple stone window lintel
19:11:32 | INFO: Blender create Mesh node 5 Princes Gate Mews | soldier-course header blocks
19:11:32 | INFO: Blender create Mesh node 5 Princes Gate Mews | solid wall lintels
19:11:32 | INFO: Blender create Mesh node finite entry approach from audited ground
19:11:32 | INFO: Blender create Mesh node 5 Princes Gate Mews | tripartite mews casement mullions
19:11:32 | INFO: Blender create Mesh node 5 Princes Gate Mews | upper sash glazing bars
19:11:32 | INFO: Blender create Mesh node 5 Princes Gate Mews | upper sash meeting rail
19:11:32 | INFO: Blender create Mesh node 5 Princes Gate Mews | wall below recessed apertures
19:11:32 | INFO: Blender create Mesh node finite entry approach from audited ground.001
19:11:32 | INFO: Blender create Mesh node 22 Queen’s Gate Mews | complete seven-point roof deck
19:11:32 | INFO: Blender create Mesh node 22 Queen’s Gate Mews | door hardware
19:11:32 | INFO: Blender create Mesh node 22 Queen’s Gate Mews | door recessed lower panel
19:11:32 | INFO: Blender create Mesh node 22 Queen’s Gate Mews | door recessed upper panel
19:11:32 | INFO: Blender create Mesh node 22 Queen’s Gate Mews | entrance leaves
19:11:32 | INFO: Blender create Mesh node 22 Queen’s Gate Mews | entry transom
19:11:32 | INFO: Blender create Mesh node 22 Queen’s Gate Mews | flush threshold
19:11:32 | INFO: Blender create Mesh node 22 Queen’s Gate Mews | low mews roof parapet
19:11:32 | INFO: Blender create Mesh node 22 Queen’s Gate Mews | painted sash frames
19:11:32 | INFO: Blender create Mesh node 22 Queen’s Gate Mews | paired window center mullions
19:11:32 | INFO: Blender create Mesh node 22 Queen’s Gate Mews | pierced muted masonry facades
19:11:32 | INFO: Blender create Mesh node 22 Queen’s Gate Mews | plain brick plinth
19:11:32 | INFO: Blender create Mesh node 22 Queen’s Gate Mews | plain eaves and floor course
19:11:32 | INFO: Blender create Mesh node 22 Queen’s Gate Mews | plain entrance jambs
19:11:32 | INFO: Blender create Mesh node 22 Queen’s Gate Mews | plain entrance lintel
19:11:32 | INFO: Blender create Mesh node 22 Queen’s Gate Mews | plain sash transoms
19:11:32 | INFO: Blender create Mesh node 22 Queen’s Gate Mews | recessed paired mews glazing
19:11:32 | INFO: Blender create Mesh node 22 Queen’s Gate Mews | shallow parapet coping
19:11:32 | INFO: Blender create Mesh node 22 Queen’s Gate Mews | stone window sills
19:11:32 | INFO: Blender create Mesh node 22 Queen’s Gate Mews | subtle brick headers
19:11:32 | INFO: glTF import finished in 0.20s
02:04.280  blend            | Read blend: "/Users/yl222/Desktop/UrbanWorldModelVisualizer/geometry_expansion/output/batch22_v1/master.blend"
02:38.970  render           | Saved: '/Users/yl222/Desktop/UrbanWorldModelVisualizer/geometry_expansion/output/batch22_v1/princes_gate_mews_5_front.png'
03:18.962  render           | Saved: '/Users/yl222/Desktop/UrbanWorldModelVisualizer/geometry_expansion/output/batch22_v1/princes_gate_mews_5_entrance.png'
03:39.579  render           | Saved: '/Users/yl222/Desktop/UrbanWorldModelVisualizer/geometry_expansion/output/batch22_v1/princes_gate_mews_5_roof.png'
03:48.518  render           | Saved: '/Users/yl222/Desktop/UrbanWorldModelVisualizer/geometry_expansion/output/batch22_v1/princes_gate_mews_5_rear.png'
03:59.120  render           | Saved: '/Users/yl222/Desktop/UrbanWorldModelVisualizer/geometry_expansion/output/batch22_v1/princes_gate_mews_5_context.png'
04:09.530  render           | Saved: '/Users/yl222/Desktop/UrbanWorldModelVisualizer/geometry_expansion/output/batch22_v1/queens_gate_mews_22_front.png'
04:14.553  render           | Saved: '/Users/yl222/Desktop/UrbanWorldModelVisualizer/geometry_expansion/output/batch22_v1/queens_gate_mews_22_entrance.png'
04:17.749  render           | Saved: '/Users/yl222/Desktop/UrbanWorldModelVisualizer/geometry_expansion/output/batch22_v1/queens_gate_mews_22_roof.png'
04:20.820  render           | Saved: '/Users/yl222/Desktop/UrbanWorldModelVisualizer/geometry_expansion/output/batch22_v1/queens_gate_mews_22_rear.png'
04:25.734  render           | Saved: '/Users/yl222/Desktop/UrbanWorldModelVisualizer/geometry_expansion/output/batch22_v1/queens_gate_mews_22_context.png'
04:30.493  render           | Saved: '/Users/yl222/Desktop/UrbanWorldModelVisualizer/geometry_expansion/output/batch22_v1/queens_gate_place_mews_4_front.png'
04:35.474  render           | Saved: '/Users/yl222/Desktop/UrbanWorldModelVisualizer/geometry_expansion/output/batch22_v1/queens_gate_place_mews_4_entrance.png'
04:39.308  render           | Saved: '/Users/yl222/Desktop/UrbanWorldModelVisualizer/geometry_expansion/output/batch22_v1/queens_gate_place_mews_4_roof.png'
04:42.797  render           | Saved: '/Users/yl222/Desktop/UrbanWorldModelVisualizer/geometry_expansion/output/batch22_v1/queens_gate_place_mews_4_rear.png'
04:47.246  render           | Saved: '/Users/yl222/Desktop/UrbanWorldModelVisualizer/geometry_expansion/output/batch22_v1/queens_gate_place_mews_4_context.png'
04:50.551  render           | Saved: '/Users/yl222/Desktop/UrbanWorldModelVisualizer/geometry_expansion/output/batch22_v1/overview.png'
{"objects": 75, "triangles": 8247, "roundtrip_bounds_max_error_m": 0, "numerical_pass": true}
Blender 5.2.0 LTS (hash fbe6228777e7 built 2026-07-14 01:31:22)

Blender quit
