/Users/yl222/Desktop/UrbanWorldModelVisualizer/geometry_expansion/scripts/build_expansion_batch.py:28: DeprecationWarning: 'Material.use_nodes' is expected to be removed in Blender 6.0
  m=bpy.data.materials.new(spec['name']);m.use_nodes=True
INFO Draco is available, use library at /Applications/Blender.app/Contents/Resources/5.2/scripts/addons_core/io_scene_gltf2/libbf_intern_draco_bridge.dylib
INFO MeshOptimizer is available, use library at /Applications/Blender.app/Contents/Resources/5.2/scripts/addons_core/io_scene_gltf2/libbf_intern_meshopt_bridge.dylib
15:48:40 | INFO: Starting glTF 2.0 export
15:48:40 | INFO: Extracting primitive: finite porch support.001
15:48:40 | INFO: Primitives created: 1
15:48:40 | INFO: Extracting primitive: finite entry approach from audited ground.002
15:48:40 | INFO: Primitives created: 1
15:48:40 | INFO: Extracting primitive: 7 Queens Gate | arched frame
15:48:40 | INFO: Primitives created: 1
15:48:40 | INFO: Extracting primitive: 7 Queens Gate | arched window spandrel
15:48:40 | INFO: Primitives created: 1
15:48:40 | INFO: Extracting primitive: 7 Queens Gate | balcony balusters
15:48:40 | INFO: Primitives created: 1
15:48:40 | INFO: Extracting primitive: 7 Queens Gate | balcony upper rail
15:48:40 | INFO: Primitives created: 1
15:48:40 | INFO: Extracting primitive: 7 Queens Gate | complete mapped roof basecap
15:48:40 | INFO: Primitives created: 1
15:48:40 | INFO: Extracting primitive: 7 Queens Gate | concave roof membrane
15:48:40 | INFO: Primitives created: 1
15:48:40 | INFO: Extracting primitive: 7 Queens Gate | door glass fanlight
15:48:40 | INFO: Primitives created: 1
15:48:40 | INFO: Extracting primitive: 7 Queens Gate | door handle
15:48:40 | INFO: Primitives created: 1
15:48:40 | INFO: Extracting primitive: 7 Queens Gate | door transom
15:48:40 | INFO: Primitives created: 1
15:48:40 | INFO: Extracting primitive: 7 Queens Gate | Doric column abaci
15:48:40 | INFO: Primitives created: 1
15:48:40 | INFO: Extracting primitive: 7 Queens Gate | Doric column square plinths
15:48:40 | INFO: Primitives created: 1
15:48:40 | INFO: Extracting primitive: 7 Queens Gate | first floor balcony deck
15:48:40 | INFO: Primitives created: 1
15:48:40 | INFO: Extracting primitive: 7 Queens Gate | flush floor course
15:48:40 | INFO: Primitives created: 1
15:48:40 | INFO: Extracting primitive: 7 Queens Gate | individual window consoles
15:48:40 | INFO: Primitives created: 1
15:48:40 | INFO: Extracting primitive: 7 Queens Gate | inward eaves
15:48:40 | INFO: Primitives created: 1
15:48:40 | INFO: Extracting primitive: 7 Queens Gate | lintels
15:48:40 | INFO: Primitives created: 1
15:48:40 | INFO: Extracting primitive: 7 Queens Gate | low parapet
15:48:40 | INFO: Primitives created: 1
15:48:40 | INFO: Extracting primitive: 7 Queens Gate | middle storey pilasters
15:48:40 | INFO: Primitives created: 1
15:48:40 | INFO: Extracting primitive: 7 Queens Gate | mitred coping
15:48:40 | INFO: Primitives created: 1
15:48:40 | INFO: Extracting primitive: 7 Queens Gate | painted joinery
15:48:40 | INFO: Primitives created: 1
15:48:40 | INFO: Extracting primitive: 7 Queens Gate | pierced masonry
15:48:40 | INFO: Primitives created: 1
15:48:40 | INFO: Extracting primitive: 7 Queens Gate | projecting portico architrave
15:48:40 | INFO: Primitives created: 1
15:48:40 | INFO: Extracting primitive: 7 Queens Gate | projecting portico cornice
15:48:40 | INFO: Primitives created: 1
15:48:40 | INFO: Extracting primitive: 7 Queens Gate | projecting sills
15:48:40 | INFO: Primitives created: 1
15:48:40 | INFO: Extracting primitive: 7 Queens Gate | recessed arched glazing
15:48:40 | INFO: Primitives created: 1
15:48:40 | INFO: Extracting primitive: 7 Queens Gate | recessed door
15:48:40 | INFO: Primitives created: 1
15:48:40 | INFO: Extracting primitive: 7 Queens Gate | recessed glazing
15:48:40 | INFO: Primitives created: 1
15:48:40 | INFO: Extracting primitive: 7 Queens Gate | simplified capitals
15:48:40 | INFO: Primitives created: 1
15:48:40 | INFO: Extracting primitive: 7 Queens Gate | street cornice
15:48:40 | INFO: Primitives created: 1
15:48:40 | INFO: Extracting primitive: 7 Queens Gate | tapered Doric shafts and echinus
15:48:40 | INFO: Primitives created: 1
15:48:40 | INFO: Extracting primitive: 7 Queens Gate | threshold
15:48:40 | INFO: Primitives created: 1
15:48:40 | INFO: Extracting primitive: 7 Queens Gate | upper cornice consoles
15:48:40 | INFO: Primitives created: 1
15:48:40 | INFO: Extracting primitive: 7 Queens Gate | upper sash meeting rail
15:48:40 | INFO: Primitives created: 1
15:48:40 | INFO: Extracting primitive: 7 Queens Gate | window mullions
15:48:40 | INFO: Primitives created: 1
15:48:40 | INFO: Extracting primitive: 7 Queens Gate | window transoms
15:48:40 | INFO: Primitives created: 1
15:48:40 | INFO: Extracting primitive: finite additional entry support
15:48:40 | INFO: Primitives created: 1
15:48:40 | INFO: Extracting primitive: 24 Princes Gate | capital leaf blocks
15:48:40 | INFO: Primitives created: 1
15:48:40 | INFO: Extracting primitive: 24 Princes Gate | central triangular pediment
15:48:40 | INFO: Primitives created: 1
15:48:40 | INFO: Extracting primitive: 24 Princes Gate | complete four-point roof deck
15:48:40 | INFO: Primitives created: 1
15:48:40 | INFO: Extracting primitive: 24 Princes Gate | continuous stone balcony deck
15:48:40 | INFO: Primitives created: 1
15:48:40 | INFO: Extracting primitive: 24 Princes Gate | continuous stone balcony handrail
15:48:40 | INFO: Primitives created: 1
15:48:40 | INFO: Extracting primitive: 24 Princes Gate | Corinthian pilaster shafts
15:48:40 | INFO: Primitives created: 1
15:48:40 | INFO: Extracting primitive: 24 Princes Gate | Corinthian simplified capitals
15:48:40 | INFO: Primitives created: 1
15:48:40 | INFO: Extracting primitive: 24 Princes Gate | Corinthian simplified pilaster bases
15:48:40 | INFO: Primitives created: 1
15:48:40 | INFO: Extracting primitive: 24 Princes Gate | door hardware
15:48:40 | INFO: Primitives created: 1
15:48:40 | INFO: Extracting primitive: 24 Princes Gate | door recessed lower panel
15:48:40 | INFO: Primitives created: 1
15:48:40 | INFO: Extracting primitive: 24 Princes Gate | door recessed upper panel
15:48:40 | INFO: Primitives created: 1
15:48:40 | INFO: Extracting primitive: 24 Princes Gate | end terrace rusticated quoins
15:48:40 | INFO: Primitives created: 1
15:48:40 | INFO: Extracting primitive: 24 Princes Gate | entrance leaves
15:48:40 | INFO: Primitives created: 1
15:48:40 | INFO: Extracting primitive: 24 Princes Gate | entry transom
15:48:40 | INFO: Primitives created: 1
15:48:40 | INFO: Extracting primitive: 24 Princes Gate | first order window entablature
15:48:40 | INFO: Primitives created: 1
15:48:40 | INFO: Extracting primitive: 24 Princes Gate | flush threshold
15:48:40 | INFO: Primitives created: 1
15:48:40 | INFO: Extracting primitive: 24 Princes Gate | ground rustication arrises
15:48:40 | INFO: Primitives created: 1
15:48:40 | INFO: Extracting primitive: 24 Princes Gate | Ionic capital volutes
15:48:40 | INFO: Primitives created: 1
15:48:40 | INFO: Extracting primitive: 24 Princes Gate | Ionic porch abacus
15:48:40 | INFO: Primitives created: 1
15:48:40 | INFO: Extracting primitive: 24 Princes Gate | Ionic porch entablature
15:48:40 | INFO: Primitives created: 1
15:48:40 | INFO: Extracting primitive: 24 Princes Gate | Ionic porch plinth
15:48:40 | INFO: Primitives created: 1
15:48:40 | INFO: Extracting primitive: 24 Princes Gate | Ionic porch shafts
15:48:40 | INFO: Primitives created: 1
15:48:40 | INFO: Extracting primitive: 24 Princes Gate | low hidden roof parapet
15:48:40 | INFO: Primitives created: 1
15:48:40 | INFO: Extracting primitive: 24 Princes Gate | painted sash frames
15:48:40 | INFO: Primitives created: 1
15:48:40 | INFO: Extracting primitive: 24 Princes Gate | pierced muted masonry facades
15:48:40 | INFO: Primitives created: 1
15:48:40 | INFO: Extracting primitive: 24 Princes Gate | plain brick plinth
15:48:40 | INFO: Primitives created: 1
15:48:40 | INFO: Extracting primitive: 24 Princes Gate | plain eaves and floor course
15:48:40 | INFO: Primitives created: 1
15:48:40 | INFO: Extracting primitive: 24 Princes Gate | plain entrance jambs
15:48:40 | INFO: Primitives created: 1
15:48:40 | INFO: Extracting primitive: 24 Princes Gate | plain entrance lintel
15:48:40 | INFO: Primitives created: 1
15:48:40 | INFO: Extracting primitive: 24 Princes Gate | plain fifth-storey front cornice
15:48:40 | INFO: Primitives created: 1
15:48:40 | INFO: Extracting primitive: 24 Princes Gate | plain sash mullions
15:48:40 | INFO: Primitives created: 1
15:48:40 | INFO: Extracting primitive: 24 Princes Gate | plain sash transoms
15:48:40 | INFO: Primitives created: 1
15:48:40 | INFO: Extracting primitive: finite porch support
15:48:40 | INFO: Primitives created: 1
15:48:40 | INFO: Extracting primitive: 24 Princes Gate | recessed townhouse sash glazing
15:48:40 | INFO: Primitives created: 1
15:48:40 | INFO: Extracting primitive: 24 Princes Gate | second-floor window hood
15:48:40 | INFO: Primitives created: 1
15:48:40 | INFO: Extracting primitive: 24 Princes Gate | shallow parapet coping
15:48:40 | INFO: Primitives created: 1
15:48:40 | INFO: Extracting primitive: 24 Princes Gate | stone balcony end piers
15:48:40 | INFO: Primitives created: 1
15:48:40 | INFO: Extracting primitive: 24 Princes Gate | stone turned balcony balusters
15:48:40 | INFO: Primitives created: 1
15:48:40 | INFO: Extracting primitive: 24 Princes Gate | stone window sills
15:48:40 | INFO: Primitives created: 1
15:48:40 | INFO: Extracting primitive: 24 Princes Gate | subtle brick headers
15:48:40 | INFO: Primitives created: 1
15:48:40 | INFO: Extracting primitive: finite entry approach from audited ground
15:48:40 | INFO: Primitives created: 1
15:48:40 | INFO: Extracting primitive: 24 Princes Gate | upper Juliet top rail
15:48:40 | INFO: Primitives created: 1
15:48:40 | INFO: Extracting primitive: 24 Princes Gate | upper Juliet vertical bars
15:48:40 | INFO: Primitives created: 1
15:48:40 | INFO: Extracting primitive: 24 Princes Gate | window entablature dentils
15:48:40 | INFO: Primitives created: 1
15:48:40 | INFO: Extracting primitive: 85 Princes Gate Mews | closed upper roof slab
15:48:40 | INFO: Primitives created: 1
15:48:40 | INFO: Extracting primitive: 85 Princes Gate Mews | complete six point original footprint deck
15:48:40 | INFO: Primitives created: 1
15:48:40 | INFO: Extracting primitive: 85 Princes Gate Mews | contained continuous mitred eaves
15:48:40 | INFO: Primitives created: 1
15:48:40 | INFO: Extracting primitive: 85 Princes Gate Mews | deep inset glazing
15:48:40 | INFO: Primitives created: 1
15:48:40 | INFO: Extracting primitive: 85 Princes Gate Mews | deep projecting stone sill
15:48:40 | INFO: Primitives created: 1
15:48:40 | INFO: Extracting primitive: 85 Princes Gate Mews | door head frame
15:48:40 | INFO: Primitives created: 1
15:48:40 | INFO: Extracting primitive: 85 Princes Gate Mews | door jamb
15:48:40 | INFO: Primitives created: 1
15:48:40 | INFO: Extracting primitive: 85 Princes Gate Mews | door transom frame
15:48:40 | INFO: Primitives created: 1
15:48:40 | INFO: Extracting primitive: 85 Princes Gate Mews | door transom glazing
15:48:40 | INFO: Primitives created: 1
15:48:40 | INFO: Extracting primitive: 85 Princes Gate Mews | entrance stone jamb surround
15:48:40 | INFO: Primitives created: 1
15:48:40 | INFO: Extracting primitive: 85 Princes Gate Mews | estimated rear rainwater pipe
15:48:40 | INFO: Primitives created: 1
15:48:40 | INFO: Extracting primitive: 85 Princes Gate Mews | front and rear intermediate course
15:48:40 | INFO: Primitives created: 1
15:48:40 | INFO: Extracting primitive: 85 Princes Gate Mews | ground transom rail
15:48:40 | INFO: Primitives created: 1
15:48:40 | INFO: Extracting primitive: 85 Princes Gate Mews | inset door panels
15:48:40 | INFO: Primitives created: 1
15:48:40 | INFO: Extracting primitive: 85 Princes Gate Mews | inset upper tier recessed glazing
15:48:40 | INFO: Primitives created: 1
15:48:40 | INFO: Extracting primitive: 85 Princes Gate Mews | inset upper tier solid walls
15:48:40 | INFO: Primitives created: 1
15:48:40 | INFO: Extracting primitive: 85 Princes Gate Mews | painted entrance leaf
15:48:40 | INFO: Primitives created: 1
15:48:40 | INFO: Extracting primitive: 85 Princes Gate Mews | pierced wall piers
15:48:40 | INFO: Primitives created: 1
15:48:40 | INFO: Extracting primitive: 85 Princes Gate Mews | pipe fixing collars
15:48:40 | INFO: Primitives created: 1
15:48:40 | INFO: Extracting primitive: 85 Princes Gate Mews | recessed window bottom sash
15:48:40 | INFO: Primitives created: 1
15:48:40 | INFO: Extracting primitive: 85 Princes Gate Mews | recessed window outer sash
15:48:40 | INFO: Primitives created: 1
15:48:40 | INFO: Extracting primitive: 85 Princes Gate Mews | segmented low plinth
15:48:40 | INFO: Primitives created: 1
15:48:40 | INFO: Extracting primitive: 85 Princes Gate Mews | simple entrance lintel
15:48:40 | INFO: Primitives created: 1
15:48:40 | INFO: Extracting primitive: 85 Princes Gate Mews | simple stone window lintel
15:48:40 | INFO: Primitives created: 1
15:48:40 | INFO: Extracting primitive: 85 Princes Gate Mews | soldier-course header blocks
15:48:40 | INFO: Primitives created: 1
15:48:40 | INFO: Extracting primitive: 85 Princes Gate Mews | solid wall lintels
15:48:40 | INFO: Primitives created: 1
15:48:40 | INFO: Extracting primitive: finite entry approach from audited ground.001
15:48:40 | INFO: Primitives created: 1
15:48:40 | INFO: Extracting primitive: 85 Princes Gate Mews | tripartite mews casement mullions
15:48:40 | INFO: Primitives created: 1
15:48:40 | INFO: Extracting primitive: 85 Princes Gate Mews | upper sash glazing bars
15:48:40 | INFO: Primitives created: 1
15:48:40 | INFO: Extracting primitive: 85 Princes Gate Mews | upper sash meeting rail
15:48:40 | INFO: Primitives created: 1
15:48:40 | INFO: Extracting primitive: 85 Princes Gate Mews | upper window head sill frames
15:48:40 | INFO: Primitives created: 1
15:48:40 | INFO: Extracting primitive: 85 Princes Gate Mews | upper window meeting rail
15:48:40 | INFO: Primitives created: 1
15:48:40 | INFO: Extracting primitive: 85 Princes Gate Mews | upper window stiles
15:48:40 | INFO: Primitives created: 1
15:48:40 | INFO: Extracting primitive: 85 Princes Gate Mews | wall below recessed apertures
15:48:40 | INFO: Primitives created: 1
15:48:40 | INFO: Finished glTF 2.0 export in 0.10030388832092285 s

15:48:40 | INFO: Data are loaded, start creating Blender stuff
15:48:40 | INFO: Blender create Mesh node 23 Kensington Gore | architraves
15:48:40 | INFO: Blender create Mesh node 23 Kensington Gore | door central stile
15:48:40 | INFO: Blender create Mesh node 23 Kensington Gore | door fanlight transom
15:48:40 | INFO: Blender create Mesh node 23 Kensington Gore | door hardware
15:48:40 | INFO: Blender create Mesh node 23 Kensington Gore | entry threshold
15:48:40 | INFO: Blender create Mesh node 23 Kensington Gore | estimated shallow hipped roof
15:48:40 | INFO: Blender create Mesh node 23 Kensington Gore | hood mouldings
15:48:40 | INFO: Blender create Mesh node 23 Kensington Gore | joinery
15:48:40 | INFO: Blender create Mesh node 23 Kensington Gore | mapped roof deck
15:48:40 | INFO: Blender create Mesh node 23 Kensington Gore | pierced wall
15:48:40 | INFO: Blender create Mesh node 23 Kensington Gore | recessed doors
15:48:40 | INFO: Blender create Mesh node 23 Kensington Gore | recessed glass
15:48:40 | INFO: Blender create Mesh node 23 Kensington Gore | roof coping
15:48:40 | INFO: Blender create Mesh node 23 Kensington Gore | roof lantern curb
15:48:40 | INFO: Blender create Mesh node 23 Kensington Gore | roof parapet
15:48:40 | INFO: Blender create Mesh node 23 Kensington Gore | sash mullions
15:48:40 | INFO: Blender create Mesh node 23 Kensington Gore | sills
15:48:40 | INFO: Blender create Mesh node 23 Kensington Gore | string courses and cornice
15:48:40 | INFO: Blender create Mesh node 23 Kensington Gore | window guards
15:48:40 | INFO: glTF import finished in 0.05s
15:48:40 | INFO: Data are loaded, start creating Blender stuff
15:48:40 | INFO: Blender create Mesh node 25 Kensington Gore | attic interior ceiling
15:48:40 | INFO: Blender create Mesh node 25 Kensington Gore | balcony handrail
15:48:40 | INFO: Blender create Mesh node 25 Kensington Gore | balcony support slabs
15:48:40 | INFO: Blender create Mesh node 25 Kensington Gore | black sash frames
15:48:40 | INFO: Blender create Mesh node 25 Kensington Gore | chimney caps
15:48:40 | INFO: Blender create Mesh node 25 Kensington Gore | continuous mitred cornices
15:48:40 | INFO: Blender create Mesh node 25 Kensington Gore | corner quoins
15:48:40 | INFO: Blender create Mesh node 25 Kensington Gore | cornice brackets
15:48:40 | INFO: Blender create Mesh node 25 Kensington Gore | coupled Ionic-inspired porch columns
15:48:40 | INFO: Blender create Mesh node 25 Kensington Gore | door head frame
15:48:40 | INFO: Blender create Mesh node 25 Kensington Gore | dormer masonry jambs
15:48:40 | INFO: Blender create Mesh node 25 Kensington Gore | dormer masonry lintel sill
15:48:40 | INFO: Blender create Mesh node 25 Kensington Gore | dormer recessed glazing
15:48:40 | INFO: Blender create Mesh node 25 Kensington Gore | dormer sash
15:48:40 | INFO: Blender create Mesh node 25 Kensington Gore | dressed architraves
15:48:40 | INFO: Blender create Mesh node 25 Kensington Gore | estimated chimney stacks
15:48:40 | INFO: Blender create Mesh node 25 Kensington Gore | mansard perimeter
15:48:40 | INFO: Blender create Mesh node 25 Kensington Gore | pedimented dormer roofs
15:48:40 | INFO: Blender create Mesh node 25 Kensington Gore | pedimented window hoods
15:48:40 | INFO: Blender create Mesh node 25 Kensington Gore | pierced stucco envelope
15:48:40 | INFO: Blender create Mesh node 25 Kensington Gore | porch entablature
15:48:40 | INFO: Blender create Mesh node 25 Kensington Gore | porch slab
15:48:40 | INFO: Blender create Mesh node 25 Kensington Gore | portico threshold
15:48:40 | INFO: Blender create Mesh node 25 Kensington Gore | projecting sills
15:48:40 | INFO: Blender create Mesh node 25 Kensington Gore | recessed door leaves
15:48:40 | INFO: Blender create Mesh node 25 Kensington Gore | recessed glazing
15:48:40 | INFO: Blender create Mesh node 25 Kensington Gore | segmental window hoods
15:48:40 | INFO: Blender create Mesh node 25 Kensington Gore | slate upper roof
15:48:40 | INFO: Blender create Mesh node 25 Kensington Gore | turned balcony balusters
15:48:40 | INFO: Blender create Mesh node 41–45 Jay Mews | concave roof membrane
15:48:40 | INFO: Blender create Mesh node 41–45 Jay Mews | door glass fanlight
15:48:40 | INFO: Blender create Mesh node 41–45 Jay Mews | door handle
15:48:40 | INFO: Blender create Mesh node 41–45 Jay Mews | door transom
15:48:40 | INFO: Blender create Mesh node 41–45 Jay Mews | lintels
15:48:40 | INFO: Blender create Mesh node 41–45 Jay Mews | low parapet
15:48:40 | INFO: Blender create Mesh node 41–45 Jay Mews | mitred coping
15:48:40 | INFO: Blender create Mesh node 41–45 Jay Mews | painted joinery
15:48:40 | INFO: Blender create Mesh node 41–45 Jay Mews | pierced masonry
15:48:40 | INFO: Blender create Mesh node 41–45 Jay Mews | pipe brackets
15:48:40 | INFO: Blender create Mesh node 41–45 Jay Mews | plain floor band
15:48:40 | INFO: Blender create Mesh node 41–45 Jay Mews | projecting sills
15:48:40 | INFO: Blender create Mesh node 41–45 Jay Mews | rainwater downpipes
15:48:40 | INFO: Blender create Mesh node 41–45 Jay Mews | recessed door
15:48:40 | INFO: Blender create Mesh node 41–45 Jay Mews | recessed glazing
15:48:40 | INFO: Blender create Mesh node 41–45 Jay Mews | simple eaves
15:48:40 | INFO: Blender create Mesh node 41–45 Jay Mews | threshold
15:48:40 | INFO: Blender create Mesh node 41–45 Jay Mews | window mullions
15:48:40 | INFO: Blender create Mesh node 41–45 Jay Mews | window transoms
15:48:40 | INFO: glTF import finished in 0.11s
15:48:40 | INFO: Data are loaded, start creating Blender stuff
15:48:40 | INFO: Blender create Mesh node 29 Exhibition Road | brass door hardware.001
15:48:40 | INFO: Blender create Mesh node 29 Exhibition Road | brick sills.001
15:48:40 | INFO: Blender create Mesh node 29 Exhibition Road | continuous cut brick cornices.001
15:48:40 | INFO: Blender create Mesh node 29 Exhibition Road | continuous roof edge flashing.001
15:48:40 | INFO: Blender create Mesh node 29 Exhibition Road | corner brick pilasters.001
15:48:40 | INFO: Blender create Mesh node 29 Exhibition Road | cut brick heads.001
15:48:40 | INFO: Blender create Mesh node 29 Exhibition Road | door center stile.001
15:48:40 | INFO: Blender create Mesh node 29 Exhibition Road | door leaves.001
15:48:40 | INFO: Blender create Mesh node 29 Exhibition Road | door transom.001
15:48:40 | INFO: Blender create Mesh node 29 Exhibition Road | entrance balcony balusters.001
15:48:40 | INFO: Blender create Mesh node 29 Exhibition Road | entrance balcony handrail.001
15:48:40 | INFO: Blender create Mesh node 29 Exhibition Road | entrance balcony slab.001
15:48:40 | INFO: Blender create Mesh node 29 Exhibition Road | entry threshold.001
15:48:40 | INFO: Blender create Mesh node 29 Exhibition Road | estimated northern hipped roof
15:48:40 | INFO: Blender create Mesh node 29 Exhibition Road | exact concave roof deck.001
15:48:40 | INFO: Blender create Mesh node 29 Exhibition Road | pierced brick walls.001
15:48:40 | INFO: Blender create Mesh node 29 Exhibition Road | radiating brick arch.001
15:48:40 | INFO: Blender create Mesh node 29 Exhibition Road | rear chimney cap
15:48:40 | INFO: Blender create Mesh node 29 Exhibition Road | rear chimney stack
15:48:40 | INFO: Blender create Mesh node 29 Exhibition Road | recessed sashes.001
15:48:40 | INFO: Blender create Mesh node 29 Exhibition Road | segmental arch infill.001
15:48:40 | INFO: Blender create Mesh node 29 Exhibition Road | small pane glazing bars.001
15:48:40 | INFO: Blender create Mesh node 29 Exhibition Road | split brick pediments.001
15:48:40 | INFO: Blender create Mesh node 29 Exhibition Road | timber sash frames.001
15:48:40 | INFO: Blender create Mesh node 84 Kensington Gore | complete mapped roof base cap
15:48:40 | INFO: Blender create Mesh node 84 Kensington Gore | door glass fanlight
15:48:40 | INFO: Blender create Mesh node 84 Kensington Gore | door handle
15:48:40 | INFO: Blender create Mesh node 84 Kensington Gore | door transom
15:48:40 | INFO: Blender create Mesh node 84 Kensington Gore | fine sash bars
15:48:40 | INFO: Blender create Mesh node 84 Kensington Gore | flush storey trim
15:48:40 | INFO: Blender create Mesh node 84 Kensington Gore | four asymmetric saltbox roof slopes
15:48:40 | INFO: Blender create Mesh node 84 Kensington Gore | inward eaves fascia
15:48:40 | INFO: Blender create Mesh node 84 Kensington Gore | painted joinery
15:48:40 | INFO: Blender create Mesh node 84 Kensington Gore | pierced masonry
15:48:40 | INFO: Blender create Mesh node 84 Kensington Gore | pipe brackets
15:48:40 | INFO: Blender create Mesh node 84 Kensington Gore | projecting sills
15:48:40 | INFO: Blender create Mesh node 84 Kensington Gore | rainwater downpipes
15:48:40 | INFO: Blender create Mesh node 84 Kensington Gore | recessed door
15:48:40 | INFO: Blender create Mesh node 84 Kensington Gore | recessed glazing
15:48:40 | INFO: Blender create Mesh node 84 Kensington Gore | saltbox perimeter infill
15:48:40 | INFO: Blender create Mesh node 84 Kensington Gore | segmental brick arch heads
15:48:40 | INFO: Blender create Mesh node 84 Kensington Gore | threshold
15:48:40 | INFO: Blender create Mesh node 84 Kensington Gore | window mullions
15:48:40 | INFO: Blender create Mesh node 84 Kensington Gore | window transoms
15:48:40 | INFO: Blender create Mesh node Jamaican High Commission | attic sash frames
15:48:40 | INFO: Blender create Mesh node Jamaican High Commission | attic sash glazing
15:48:40 | INFO: Blender create Mesh node Jamaican High Commission | baluster necks
15:48:40 | INFO: Blender create Mesh node Jamaican High Commission | balustrade top rail
15:48:40 | INFO: Blender create Mesh node Jamaican High Commission | brass door hardware
15:48:40 | INFO: Blender create Mesh node Jamaican High Commission | brick sills
15:48:40 | INFO: Blender create Mesh node Jamaican High Commission | central balcony slab
15:48:40 | INFO: Blender create Mesh node Jamaican High Commission | central dormer back panels
15:48:40 | INFO: Blender create Mesh node Jamaican High Commission | central dormer glazing
15:48:40 | INFO: Blender create Mesh node Jamaican High Commission | central dormer joinery
15:48:40 | INFO: Blender create Mesh node Jamaican High Commission | central dormer lintels
15:48:40 | INFO: Blender create Mesh node Jamaican High Commission | central dormer side jambs
15:48:40 | INFO: Blender create Mesh node Jamaican High Commission | central linking roof
15:48:40 | INFO: Blender create Mesh node Jamaican High Commission | central stone balustrade
15:48:40 | INFO: Blender create Mesh node Jamaican High Commission | chimney corbel caps
15:48:40 | INFO: Blender create Mesh node Jamaican High Commission | chimney pots
15:48:40 | INFO: Blender create Mesh node Jamaican High Commission | continuous cut brick cornices
15:48:40 | INFO: Blender create Mesh node Jamaican High Commission | continuous roof edge flashing
15:48:40 | INFO: Blender create Mesh node Jamaican High Commission | corner brick pilasters
15:48:40 | INFO: Blender create Mesh node Jamaican High Commission | cut brick heads
15:48:40 | INFO: Blender create Mesh node Jamaican High Commission | door center stile
15:48:40 | INFO: Blender create Mesh node Jamaican High Commission | door leaves
15:48:40 | INFO: Blender create Mesh node Jamaican High Commission | door transom
15:48:40 | INFO: Blender create Mesh node Jamaican High Commission | entry threshold
15:48:40 | INFO: Blender create Mesh node Jamaican High Commission | exact concave roof deck
15:48:40 | INFO: Blender create Mesh node Jamaican High Commission | finite portico supporting slab
15:48:40 | INFO: Blender create Mesh node Jamaican High Commission | paired steep red tiled roofs
15:48:40 | INFO: Blender create Mesh node Jamaican High Commission | pierced brick walls
15:48:40 | INFO: Blender create Mesh node Jamaican High Commission | pierced triangular attic gables
15:48:40 | INFO: Blender create Mesh node Jamaican High Commission | portico arch spandrels
15:48:40 | INFO: Blender create Mesh node Jamaican High Commission | portico brick piers
15:48:40 | INFO: Blender create Mesh node Jamaican High Commission | portico pier capitals
15:48:40 | INFO: Blender create Mesh node Jamaican High Commission | radiating brick arch
15:48:40 | INFO: Blender create Mesh node Jamaican High Commission | recessed sashes
15:48:40 | INFO: Blender create Mesh node Jamaican High Commission | roof ridge tiles
15:48:40 | INFO: Blender create Mesh node Jamaican High Commission | segmental arch infill
15:48:40 | INFO: Blender create Mesh node Jamaican High Commission | small pane glazing bars
15:48:40 | INFO: Blender create Mesh node Jamaican High Commission | split brick pediments
15:48:40 | INFO: Blender create Mesh node Jamaican High Commission | tall chimney stacks
15:48:40 | INFO: Blender create Mesh node Jamaican High Commission | timber sash frames
15:48:40 | INFO: Blender create Mesh node Jamaican High Commission | twin portico brick arches
15:48:40 | INFO: Blender create Mesh node Jay Mews 117010283 | concave roof membrane
15:48:40 | INFO: Blender create Mesh node Jay Mews 117010283 | door glass fanlight
15:48:40 | INFO: Blender create Mesh node Jay Mews 117010283 | door handle
15:48:40 | INFO: Blender create Mesh node Jay Mews 117010283 | door transom
15:48:40 | INFO: Blender create Mesh node Jay Mews 117010283 | fine sash bars
15:48:40 | INFO: Blender create Mesh node Jay Mews 117010283 | lintels
15:48:40 | INFO: Blender create Mesh node Jay Mews 117010283 | low parapet
15:48:40 | INFO: Blender create Mesh node Jay Mews 117010283 | mitred coping
15:48:40 | INFO: Blender create Mesh node Jay Mews 117010283 | painted joinery
15:48:40 | INFO: Blender create Mesh node Jay Mews 117010283 | pierced masonry
15:48:40 | INFO: Blender create Mesh node Jay Mews 117010283 | pipe brackets
15:48:40 | INFO: Blender create Mesh node Jay Mews 117010283 | projecting sills
15:48:40 | INFO: Blender create Mesh node Jay Mews 117010283 | projecting storey ledge
15:48:40 | INFO: Blender create Mesh node Jay Mews 117010283 | rainwater downpipes
15:48:40 | INFO: Blender create Mesh node Jay Mews 117010283 | recessed door
15:48:40 | INFO: Blender create Mesh node Jay Mews 117010283 | recessed glazing
15:48:40 | INFO: Blender create Mesh node Jay Mews 117010283 | simple eaves
15:48:40 | INFO: Blender create Mesh node Jay Mews 117010283 | threshold
15:48:40 | INFO: Blender create Mesh node Jay Mews 117010283 | window mullions
15:48:40 | INFO: Blender create Mesh node Jay Mews 117010283 | window transoms
15:48:40 | INFO: glTF import finished in 0.14s
15:48:40 | INFO: Data are loaded, start creating Blender stuff
15:48:40 | INFO: Blender create Mesh node Albert Close 642055723 | complete concave roof membrane
15:48:40 | INFO: Blender create Mesh node Albert Close 642055723 | door glass fanlight
15:48:40 | INFO: Blender create Mesh node Albert Close 642055723 | door handle
15:48:40 | INFO: Blender create Mesh node Albert Close 642055723 | door transom
15:48:40 | INFO: Blender create Mesh node Albert Close 642055723 | estimated hip roof curb
15:48:40 | INFO: Blender create Mesh node Albert Close 642055723 | estimated shallow hip roof
15:48:40 | INFO: Blender create Mesh node Albert Close 642055723 | flush floor course
15:48:40 | INFO: Blender create Mesh node Albert Close 642055723 | inward eaves
15:48:40 | INFO: Blender create Mesh node Albert Close 642055723 | lintels
15:48:41 | INFO: Blender create Mesh node Albert Close 642055723 | low parapet
15:48:41 | INFO: Blender create Mesh node Albert Close 642055723 | mitred coping
15:48:41 | INFO: Blender create Mesh node Albert Close 642055723 | painted joinery
15:48:41 | INFO: Blender create Mesh node Albert Close 642055723 | pierced masonry
15:48:41 | INFO: Blender create Mesh node Albert Close 642055723 | pipe brackets
15:48:41 | INFO: Blender create Mesh node Albert Close 642055723 | projecting sills
15:48:41 | INFO: Blender create Mesh node Albert Close 642055723 | rainwater downpipes
15:48:41 | INFO: Blender create Mesh node Albert Close 642055723 | recessed door
15:48:41 | INFO: Blender create Mesh node Albert Close 642055723 | recessed glazing
15:48:41 | INFO: Blender create Mesh node Albert Close 642055723 | threshold
15:48:41 | INFO: Blender create Mesh node Albert Close 642055723 | upper sash meeting rail
15:48:41 | INFO: Blender create Mesh node Albert Close 642055723 | window mullions
15:48:41 | INFO: Blender create Mesh node Albert Close 642055723 | window transoms
15:48:41 | INFO: Blender create Mesh node Jay Mews 117010293 | concave roof membrane
15:48:41 | INFO: Blender create Mesh node Jay Mews 117010293 | door glass fanlight
15:48:41 | INFO: Blender create Mesh node Jay Mews 117010293 | door handle
15:48:41 | INFO: Blender create Mesh node Jay Mews 117010293 | door transom
15:48:41 | INFO: Blender create Mesh node Jay Mews 117010293 | flush floor course
15:48:41 | INFO: Blender create Mesh node Jay Mews 117010293 | inward eaves
15:48:41 | INFO: Blender create Mesh node Jay Mews 117010293 | lintels
15:48:41 | INFO: Blender create Mesh node Jay Mews 117010293 | low parapet
15:48:41 | INFO: Blender create Mesh node Jay Mews 117010293 | mitred coping
15:48:41 | INFO: Blender create Mesh node Jay Mews 117010293 | painted joinery
15:48:41 | INFO: Blender create Mesh node Jay Mews 117010293 | pierced masonry
15:48:41 | INFO: Blender create Mesh node Jay Mews 117010293 | pierced masonry.001
15:48:41 | INFO: Blender create Mesh node Jay Mews 117010293 | pipe brackets
15:48:41 | INFO: Blender create Mesh node Jay Mews 117010293 | projecting sills
15:48:41 | INFO: Blender create Mesh node Jay Mews 117010293 | rainwater downpipes
15:48:41 | INFO: Blender create Mesh node Jay Mews 117010293 | recessed door
15:48:41 | INFO: Blender create Mesh node Jay Mews 117010293 | recessed glazing
15:48:41 | INFO: Blender create Mesh node Jay Mews 117010293 | threshold
15:48:41 | INFO: Blender create Mesh node Jay Mews 117010293 | upper sash meeting rail
15:48:41 | INFO: Blender create Mesh node Jay Mews 117010293 | window mullions
15:48:41 | INFO: Blender create Mesh node Jay Mews 117010293 | window transoms
15:48:41 | INFO: Blender create Mesh node Princes Gate Court | complete concave roof deck
15:48:41 | INFO: Blender create Mesh node Princes Gate Court | courtyard stone vertical bays
15:48:41 | INFO: Blender create Mesh node Princes Gate Court | door central stile
15:48:41 | INFO: Blender create Mesh node Princes Gate Court | door hardware
15:48:41 | INFO: Blender create Mesh node Princes Gate Court | dormer cap
15:48:41 | INFO: Blender create Mesh node Princes Gate Court | dormer front sill
15:48:41 | INFO: Blender create Mesh node Princes Gate Court | dormer rear closure
15:48:41 | INFO: Blender create Mesh node Princes Gate Court | entrance leaves
15:48:41 | INFO: Blender create Mesh node Princes Gate Court | entry transom
15:48:41 | INFO: Blender create Mesh node Princes Gate Court | flush threshold
15:48:41 | INFO: Blender create Mesh node Princes Gate Court | inset sloping roof ranges
15:48:41 | INFO: Blender create Mesh node Princes Gate Court | pale stone plinth
15:48:41 | INFO: Blender create Mesh node Princes Gate Court | pierced red brick facades
15:48:41 | INFO: Blender create Mesh node Princes Gate Court | recessed courtyard sashes
15:48:41 | INFO: Blender create Mesh node Princes Gate Court | recessed dormer glass
15:48:41 | INFO: Blender create Mesh node Princes Gate Court | red brick roof parapet
15:48:41 | INFO: Blender create Mesh node Princes Gate Court | small pane glazing bars
15:48:41 | INFO: Blender create Mesh node Princes Gate Court | stone entrance entablature
15:48:41 | INFO: Blender create Mesh node Princes Gate Court | stone entrance jambs
15:48:41 | INFO: Blender create Mesh node Princes Gate Court | stone parapet coping
15:48:41 | INFO: Blender create Mesh node Princes Gate Court | stone window sills
15:48:41 | INFO: Blender create Mesh node Princes Gate Court | subtle brick headers
15:48:41 | INFO: Blender create Mesh node Princes Gate Court | upper stone string courses
15:48:41 | INFO: Blender create Mesh node Princes Gate Court | white dormer cheek walls
15:48:41 | INFO: Blender create Mesh node Princes Gate Court | white dormer joinery
15:48:41 | INFO: Blender create Mesh node Princes Gate Court | white sash frames
15:48:41 | INFO: glTF import finished in 0.24s
15:48:41 | INFO: Data are loaded, start creating Blender stuff
15:48:41 | INFO: Blender create Mesh node Albert Close 642055721 | complete concave roof deck
15:48:41 | INFO: Blender create Mesh node Albert Close 642055721 | door central stile
15:48:41 | INFO: Blender create Mesh node Albert Close 642055721 | door hardware
15:48:41 | INFO: Blender create Mesh node Albert Close 642055721 | entrance leaves
15:48:41 | INFO: Blender create Mesh node Albert Close 642055721 | entry transom
15:48:41 | INFO: Blender create Mesh node Albert Close 642055721 | flush threshold
15:48:41 | INFO: Blender create Mesh node Albert Close 642055721 | painted sash frames
15:48:41 | INFO: Blender create Mesh node Albert Close 642055721 | pierced red brick facades
15:48:41 | INFO: Blender create Mesh node Albert Close 642055721 | plain brick plinth
15:48:41 | INFO: Blender create Mesh node Albert Close 642055721 | plain eaves and floor course
15:48:41 | INFO: Blender create Mesh node Albert Close 642055721 | plain sash mullions
15:48:41 | INFO: Blender create Mesh node Albert Close 642055721 | plain sash transoms
15:48:41 | INFO: Blender create Mesh node Albert Close 642055721 | recessed rear wing windows
15:48:41 | INFO: Blender create Mesh node Albert Close 642055721 | red brick roof parapet
15:48:41 | INFO: Blender create Mesh node Albert Close 642055721 | stone entrance entablature
15:48:41 | INFO: Blender create Mesh node Albert Close 642055721 | stone entrance jambs
15:48:41 | INFO: Blender create Mesh node Albert Close 642055721 | stone parapet coping
15:48:41 | INFO: Blender create Mesh node Albert Close 642055721 | stone window sills
15:48:41 | INFO: Blender create Mesh node Albert Close 642055721 | subtle brick headers
15:48:41 | INFO: Blender create Mesh node Albert Close 642055722 | brick header lintels
15:48:41 | INFO: Blender create Mesh node Albert Close 642055722 | complete mapped roof membrane
15:48:41 | INFO: Blender create Mesh node Albert Close 642055722 | door glass fanlight
15:48:41 | INFO: Blender create Mesh node Albert Close 642055722 | door handle
15:48:41 | INFO: Blender create Mesh node Albert Close 642055722 | door transom
15:48:41 | INFO: Blender create Mesh node Albert Close 642055722 | estimated internal shed roof curb
15:48:41 | INFO: Blender create Mesh node Albert Close 642055722 | estimated shallow shed roof
15:48:41 | INFO: Blender create Mesh node Albert Close 642055722 | flush floor course
15:48:41 | INFO: Blender create Mesh node Albert Close 642055722 | inward eaves
15:48:41 | INFO: Blender create Mesh node Albert Close 642055722 | low parapet
15:48:41 | INFO: Blender create Mesh node Albert Close 642055722 | mitred coping
15:48:41 | INFO: Blender create Mesh node Albert Close 642055722 | painted joinery
15:48:41 | INFO: Blender create Mesh node Albert Close 642055722 | pierced masonry
15:48:41 | INFO: Blender create Mesh node Albert Close 642055722 | pipe brackets
15:48:41 | INFO: Blender create Mesh node Albert Close 642055722 | projecting sills
15:48:41 | INFO: Blender create Mesh node Albert Close 642055722 | rainwater downpipes
15:48:41 | INFO: Blender create Mesh node Albert Close 642055722 | recessed door
15:48:41 | INFO: Blender create Mesh node Albert Close 642055722 | recessed glazing
15:48:41 | INFO: Blender create Mesh node Albert Close 642055722 | slim pale lintel accent
15:48:41 | INFO: Blender create Mesh node Albert Close 642055722 | threshold
15:48:41 | INFO: Blender create Mesh node Albert Close 642055722 | upper sash meeting rail
15:48:41 | INFO: Blender create Mesh node Albert Close 642055722 | window mullions
15:48:41 | INFO: Blender create Mesh node Albert Close 642055722 | window transoms
15:48:41 | INFO: Blender create Mesh node Mews outbuilding1154608369 | closed bottom slab
15:48:41 | INFO: Blender create Mesh node Mews outbuilding1154608369 | complete thin roof slab
15:48:41 | INFO: Blender create Mesh node Mews outbuilding1154608369 | continuous closed masonry perimeter
15:48:41 | INFO: Blender create Mesh node Mews outbuilding1154608369 | corner boundary strips
15:48:41 | INFO: Blender create Mesh node Mews outbuilding1154608369 | inset masonry base trim
15:48:41 | INFO: Blender create Mesh node Mews outbuilding1154608369 | low roof weather upstand
15:48:41 | INFO: Blender create Mesh node Mews outbuilding1154608369 | mitred coping
15:48:41 | INFO: Blender create Mesh node Mews outbuilding1154608369 | simple inward eaves fascia
15:48:41 | INFO: glTF import finished in 0.05s
15:48:41 | INFO: Data are loaded, start creating Blender stuff
15:48:41 | INFO: Blender create Mesh node Mews outbuilding1154608372 | closed bottom slab
15:48:41 | INFO: Blender create Mesh node Mews outbuilding1154608372 | complete thin roof slab
15:48:41 | INFO: Blender create Mesh node Mews outbuilding1154608372 | continuous closed masonry perimeter
15:48:41 | INFO: Blender create Mesh node Mews outbuilding1154608372 | corner boundary strips
15:48:41 | INFO: Blender create Mesh node Mews outbuilding1154608372 | inset masonry base trim
15:48:41 | INFO: Blender create Mesh node Mews outbuilding1154608372 | low mitred coping
15:48:41 | INFO: Blender create Mesh node Mews outbuilding1154608372 | low roof weather upstand
15:48:41 | INFO: Blender create Mesh node Mews outbuilding1154608372 | simple inward eaves fascia
15:48:41 | INFO: Blender create Mesh node Service building788306098 | closed bottom slab
15:48:41 | INFO: Blender create Mesh node Service building788306098 | closed roof seam strips
15:48:41 | INFO: Blender create Mesh node Service building788306098 | complete thin roof slab
15:48:41 | INFO: Blender create Mesh node Service building788306098 | continuous closed masonry perimeter
15:48:41 | INFO: Blender create Mesh node Service building788306098 | corner boundary strips
15:48:41 | INFO: Blender create Mesh node Service building788306098 | inset masonry base trim
15:48:41 | INFO: Blender create Mesh node Service building788306098 | low roof weather upstand
15:48:41 | INFO: Blender create Mesh node Service building788306098 | metal weather coping
15:48:41 | INFO: Blender create Mesh node Service building788306098 | simple inward eaves fascia
15:48:41 | INFO: Blender create Mesh node University wing 640976478 | casement toplight transoms
15:48:41 | INFO: Blender create Mesh node University wing 640976478 | complete concave roof deck
15:48:41 | INFO: Blender create Mesh node University wing 640976478 | door central stile
15:48:41 | INFO: Blender create Mesh node University wing 640976478 | door hardware
15:48:41 | INFO: Blender create Mesh node University wing 640976478 | entrance leaves
15:48:41 | INFO: Blender create Mesh node University wing 640976478 | entry transom
15:48:41 | INFO: Blender create Mesh node University wing 640976478 | flush threshold
15:48:41 | INFO: Blender create Mesh node University wing 640976478 | metal casement frames
15:48:41 | INFO: Blender create Mesh node University wing 640976478 | paired casement mullions
15:48:41 | INFO: Blender create Mesh node University wing 640976478 | pierced red brick facades
15:48:41 | INFO: Blender create Mesh node University wing 640976478 | plain brick plinth
15:48:41 | INFO: Blender create Mesh node University wing 640976478 | plain eaves and floor course
15:48:41 | INFO: Blender create Mesh node University wing 640976478 | recessed university casements
15:48:41 | INFO: Blender create Mesh node University wing 640976478 | red brick roof parapet
15:48:41 | INFO: Blender create Mesh node University wing 640976478 | shallow vertical facade piers
15:48:41 | INFO: Blender create Mesh node University wing 640976478 | stone entrance entablature
15:48:41 | INFO: Blender create Mesh node University wing 640976478 | stone entrance jambs
15:48:41 | INFO: Blender create Mesh node University wing 640976478 | stone parapet coping
15:48:41 | INFO: Blender create Mesh node University wing 640976478 | stone window sills
15:48:41 | INFO: Blender create Mesh node University wing 640976478 | subtle brick headers
15:48:41 | INFO: glTF import finished in 0.05s
15:48:41 | INFO: Data are loaded, start creating Blender stuff
15:48:41 | INFO: Blender create Mesh node Campus rear 1133279024 | casement toplight transoms
15:48:41 | INFO: Blender create Mesh node Campus rear 1133279024 | complete concave roof deck
15:48:41 | INFO: Blender create Mesh node Campus rear 1133279024 | door central stile
15:48:41 | INFO: Blender create Mesh node Campus rear 1133279024 | door hardware
15:48:41 | INFO: Blender create Mesh node Campus rear 1133279024 | entrance leaves
15:48:41 | INFO: Blender create Mesh node Campus rear 1133279024 | entry transom
15:48:41 | INFO: Blender create Mesh node Campus rear 1133279024 | flush threshold
15:48:41 | INFO: Blender create Mesh node Campus rear 1133279024 | metal casement frames
15:48:41 | INFO: Blender create Mesh node Campus rear 1133279024 | paired casement mullions
15:48:41 | INFO: Blender create Mesh node Campus rear 1133279024 | pierced service wing masonry
15:48:41 | INFO: Blender create Mesh node Campus rear 1133279024 | plain brick plinth
15:48:41 | INFO: Blender create Mesh node Campus rear 1133279024 | plain eaves and floor course
15:48:41 | INFO: Blender create Mesh node Campus rear 1133279024 | recessed service wing casements
15:48:41 | INFO: Blender create Mesh node Campus rear 1133279024 | service wing parapet
15:48:41 | INFO: Blender create Mesh node Campus rear 1133279024 | stone entrance entablature
15:48:41 | INFO: Blender create Mesh node Campus rear 1133279024 | stone entrance jambs
15:48:41 | INFO: Blender create Mesh node Campus rear 1133279024 | stone parapet coping
15:48:41 | INFO: Blender create Mesh node Campus rear 1133279024 | stone window sills
15:48:41 | INFO: Blender create Mesh node Campus rear 1133279024 | subtle brick headers
15:48:41 | INFO: Blender create Mesh node Queens Gate rear703836510 | concave roof membrane
15:48:41 | INFO: Blender create Mesh node Queens Gate rear703836510 | door glass fanlight
15:48:41 | INFO: Blender create Mesh node Queens Gate rear703836510 | door handle
15:48:41 | INFO: Blender create Mesh node Queens Gate rear703836510 | door transom
15:48:41 | INFO: Blender create Mesh node Queens Gate rear703836510 | flush floor course
15:48:41 | INFO: Blender create Mesh node Queens Gate rear703836510 | inward eaves
15:48:41 | INFO: Blender create Mesh node Queens Gate rear703836510 | lintels
15:48:41 | INFO: Blender create Mesh node Queens Gate rear703836510 | low parapet
15:48:41 | INFO: Blender create Mesh node Queens Gate rear703836510 | mitred coping
15:48:41 | INFO: Blender create Mesh node Queens Gate rear703836510 | painted joinery
15:48:41 | INFO: Blender create Mesh node Queens Gate rear703836510 | pierced masonry
15:48:41 | INFO: Blender create Mesh node Queens Gate rear703836510 | pipe brackets
15:48:41 | INFO: Blender create Mesh node Queens Gate rear703836510 | projecting sills
15:48:41 | INFO: Blender create Mesh node Queens Gate rear703836510 | rainwater downpipes
15:48:41 | INFO: Blender create Mesh node Queens Gate rear703836510 | recessed door
15:48:41 | INFO: Blender create Mesh node Queens Gate rear703836510 | recessed glazing
15:48:41 | INFO: Blender create Mesh node Queens Gate rear703836510 | threshold
15:48:41 | INFO: Blender create Mesh node Queens Gate rear703836510 | upper sash meeting rail
15:48:41 | INFO: Blender create Mesh node Queens Gate rear703836510 | window mullions
15:48:41 | INFO: Blender create Mesh node Queens Gate rear703836510 | window transoms
15:48:41 | INFO: glTF import finished in 0.04s
15:48:41 | INFO: Data are loaded, start creating Blender stuff
15:48:41 | INFO: Blender create Mesh node Museum Lane link850528336 | arched masonry
15:48:41 | INFO: Blender create Mesh node Museum Lane link850528336 | central triangular pediment
15:48:41 | INFO: Blender create Mesh node Museum Lane link850528336 | complete polygon roof
15:48:41 | INFO: Blender create Mesh node Museum Lane link850528336 | dark joinery
15:48:41 | INFO: Blender create Mesh node Museum Lane link850528336 | intentional_gate
15:48:41 | INFO: Blender create Mesh node Museum Lane link850528336 | passage side reveals
15:48:41 | INFO: Blender create Mesh node Museum Lane link850528336 | pierced stone
15:48:41 | INFO: Blender create Mesh node Museum Lane link850528336 | recessed door
15:48:41 | INFO: Blender create Mesh node Museum Lane link850528336 | recessed window
15:48:41 | INFO: Blender create Mesh node Museum Lane link850528336 | roof sealed edge
15:48:41 | INFO: Blender create Mesh node Museum Lane link850528336 | stone cornice
15:48:41 | INFO: Blender create Mesh node Museum Lane link850528336 | stone walls
15:48:41 | INFO: Blender create Mesh node Museum Lane link850528336 | upper pierced stone
15:48:41 | INFO: Blender create Mesh node Museum Lane link850528336 | upper stone window surround
15:48:41 | INFO: Blender create Mesh node Museum Lane link850528336 | vaulted passage intrados
15:48:41 | INFO: Blender create Mesh node Museum service infill 850528335 | casement toplight transoms
15:48:41 | INFO: Blender create Mesh node Museum service infill 850528335 | complete concave roof deck
15:48:41 | INFO: Blender create Mesh node Museum service infill 850528335 | door central stile
15:48:41 | INFO: Blender create Mesh node Museum service infill 850528335 | door hardware
15:48:41 | INFO: Blender create Mesh node Museum service infill 850528335 | entrance leaves
15:48:41 | INFO: Blender create Mesh node Museum service infill 850528335 | entry transom
15:48:41 | INFO: Blender create Mesh node Museum service infill 850528335 | flush threshold
15:48:41 | INFO: Blender create Mesh node Museum service infill 850528335 | metal casement frames
15:48:41 | INFO: Blender create Mesh node Museum service infill 850528335 | paired casement mullions
15:48:41 | INFO: Blender create Mesh node Museum service infill 850528335 | pierced service wing masonry
15:48:41 | INFO: Blender create Mesh node Museum service infill 850528335 | plain brick plinth
15:48:41 | INFO: Blender create Mesh node Museum service infill 850528335 | plain eaves and floor course
15:48:41 | INFO: Blender create Mesh node Museum service infill 850528335 | recessed service wing casements
15:48:41 | INFO: Blender create Mesh node Museum service infill 850528335 | service wing parapet
15:48:41 | INFO: Blender create Mesh node Museum service infill 850528335 | stone entrance entablature
15:48:41 | INFO: Blender create Mesh node Museum service infill 850528335 | stone entrance jambs
15:48:41 | INFO: Blender create Mesh node Museum service infill 850528335 | stone parapet coping
15:48:41 | INFO: Blender create Mesh node Museum service infill 850528335 | stone window sills
15:48:41 | INFO: Blender create Mesh node Museum service infill 850528335 | subtle brick headers
15:48:41 | INFO: Blender create Mesh node finite passage supporting slab
15:48:41 | INFO: glTF import finished in 0.03s
15:48:41 | INFO: Data are loaded, start creating Blender stuff
15:48:41 | INFO: Blender create Mesh node finite entry approach from audited ground.001
15:48:41 | INFO: Blender create Mesh node 1 Hyde Park Gate | complete concave roof deck
15:48:41 | INFO: Blender create Mesh node 1 Hyde Park Gate | complete inset mansard top
15:48:41 | INFO: Blender create Mesh node 1 Hyde Park Gate | door central stile
15:48:41 | INFO: Blender create Mesh node 1 Hyde Park Gate | door hardware
15:48:41 | INFO: Blender create Mesh node 1 Hyde Park Gate | entrance leaves
15:48:41 | INFO: Blender create Mesh node 1 Hyde Park Gate | entry transom
15:48:41 | INFO: Blender create Mesh node 1 Hyde Park Gate | flush threshold
15:48:41 | INFO: Blender create Mesh node 1 Hyde Park Gate | hood console blocks
15:48:41 | INFO: Blender create Mesh node 1 Hyde Park Gate | mansard curved head solid closure
15:48:41 | INFO: Blender create Mesh node 1 Hyde Park Gate | mansard dormer closed back
15:48:41 | INFO: Blender create Mesh node 1 Hyde Park Gate | mansard dormer closed cheeks
15:48:41 | INFO: Blender create Mesh node 1 Hyde Park Gate | mansard dormer closed top
15:48:41 | INFO: Blender create Mesh node 1 Hyde Park Gate | mansard dormer lower apron
15:48:41 | INFO: Blender create Mesh node 1 Hyde Park Gate | mansard dormer upright frames
15:48:41 | INFO: Blender create Mesh node 1 Hyde Park Gate | mansard recessed glazing
15:48:41 | INFO: Blender create Mesh node 1 Hyde Park Gate | mansard rounded arch frames
15:48:41 | INFO: Blender create Mesh node 1 Hyde Park Gate | mansard sash mullion
15:48:41 | INFO: Blender create Mesh node 1 Hyde Park Gate | mansard sash transom
15:48:41 | INFO: Blender create Mesh node 1 Hyde Park Gate | moulded window hood
15:48:41 | INFO: Blender create Mesh node 1 Hyde Park Gate | observed mansard sloping skin
15:48:41 | INFO: Blender create Mesh node 1 Hyde Park Gate | painted sash frames
15:48:41 | INFO: Blender create Mesh node 1 Hyde Park Gate | pierced stucco elevations
15:48:41 | INFO: Blender create Mesh node 1 Hyde Park Gate | plain brick plinth
15:48:41 | INFO: Blender create Mesh node 1 Hyde Park Gate | plain eaves and floor course
15:48:41 | INFO: Blender create Mesh node 1 Hyde Park Gate | recessed townhouse sash glazing
15:48:41 | INFO: Blender create Mesh node 1 Hyde Park Gate | sash glazing bars
15:48:41 | INFO: Blender create Mesh node 1 Hyde Park Gate | sash meeting rails
15:48:41 | INFO: Blender create Mesh node 1 Hyde Park Gate | single tower corner parapet pier
15:48:41 | INFO: Blender create Mesh node 1 Hyde Park Gate | stone entrance entablature
15:48:41 | INFO: Blender create Mesh node 1 Hyde Park Gate | stone entrance jambs
15:48:41 | INFO: Blender create Mesh node 1 Hyde Park Gate | stone parapet coping
15:48:41 | INFO: Blender create Mesh node 1 Hyde Park Gate | stone window sills
15:48:41 | INFO: Blender create Mesh node 1 Hyde Park Gate | stucco attic parapet
15:48:41 | INFO: Blender create Mesh node 1 Hyde Park Gate | tower arch spandrels
15:48:41 | INFO: Blender create Mesh node 1 Hyde Park Gate | tower closed flat roof
15:48:41 | INFO: Blender create Mesh node 1 Hyde Park Gate | tower corner pilasters
15:48:41 | INFO: Blender create Mesh node 1 Hyde Park Gate | tower layered cornice
15:48:41 | INFO: Blender create Mesh node 1 Hyde Park Gate | tower parapet balusters
15:48:41 | INFO: Blender create Mesh node 1 Hyde Park Gate | tower parapet handrail
15:48:41 | INFO: Blender create Mesh node 1 Hyde Park Gate | tower parapet solid plinth
15:48:41 | INFO: Blender create Mesh node 1 Hyde Park Gate | tower pierced upper walls
15:48:41 | INFO: Blender create Mesh node 1 Hyde Park Gate | tower recessed arched glazing
15:48:41 | INFO: Blender create Mesh node 1 Hyde Park Gate | tower rounded window heads
15:48:41 | INFO: Blender create Mesh node 1 Hyde Park Gate | tower window jamb trim
15:48:41 | INFO: Blender create Mesh node 1 Hyde Park Gate | tower window sill
15:48:41 | INFO: Blender create Mesh node 1 Hyde Park Gate | window architrave sides
15:48:41 | INFO: Blender create Mesh node finite porch support.001
15:48:41 | INFO: Blender create Mesh node finite entry approach from audited ground.002
15:48:41 | INFO: Blender create Mesh node 1–2 Queens Gate | arched window solid spandrels
15:48:41 | INFO: Blender create Mesh node 1–2 Queens Gate | balcony turned balusters
15:48:41 | INFO: Blender create Mesh node 1–2 Queens Gate | balustrade handrail
15:48:41 | INFO: Blender create Mesh node 1–2 Queens Gate | complete concave roof deck
15:48:41 | INFO: Blender create Mesh node 1–2 Queens Gate | door central stile
15:48:41 | INFO: Blender create Mesh node 1–2 Queens Gate | door hardware
15:48:41 | INFO: Blender create Mesh node 1–2 Queens Gate | Doric portico plinth
15:48:41 | INFO: Blender create Mesh node 1–2 Queens Gate | Doric square abacus
15:48:41 | INFO: Blender create Mesh node 1–2 Queens Gate | entrance leaves
15:48:41 | INFO: Blender create Mesh node 1–2 Queens Gate | entry transom
15:48:41 | INFO: Blender create Mesh node 1–2 Queens Gate | flush threshold
15:48:41 | INFO: Blender create Mesh node 1–2 Queens Gate | hood console blocks
15:48:41 | INFO: Blender create Mesh node 1–2 Queens Gate | moulded window hood
15:48:41 | INFO: Blender create Mesh node 1–2 Queens Gate | painted sash frames
15:48:41 | INFO: Blender create Mesh node 1–2 Queens Gate | paired Doric entrance columns
15:48:41 | INFO: Blender create Mesh node 1–2 Queens Gate | pierced stucco elevations
15:48:41 | INFO: Blender create Mesh node 1–2 Queens Gate | plain brick plinth
15:48:41 | INFO: Blender create Mesh node 1–2 Queens Gate | plain eaves and floor course
15:48:41 | INFO: Blender create Mesh node 1–2 Queens Gate | portico entablature closed canopy
15:48:41 | INFO: Blender create Mesh node 1–2 Queens Gate | portico upper moulding
15:48:41 | INFO: Blender create Mesh node 1–2 Queens Gate | recessed townhouse sash glazing
15:48:41 | INFO: Blender create Mesh node 1–2 Queens Gate | sash glazing bars
15:48:41 | INFO: Blender create Mesh node 1–2 Queens Gate | sash meeting rails
15:48:41 | INFO: Blender create Mesh node 1–2 Queens Gate | stone entrance entablature
15:48:41 | INFO: Blender create Mesh node 1–2 Queens Gate | stone entrance jambs
15:48:41 | INFO: Blender create Mesh node 1–2 Queens Gate | stone parapet coping
15:48:41 | INFO: Blender create Mesh node 1–2 Queens Gate | stone window sills
15:48:41 | INFO: Blender create Mesh node 1–2 Queens Gate | stucco attic parapet
15:48:41 | INFO: Blender create Mesh node 1–2 Queens Gate | third floor curved arch surrounds
15:48:41 | INFO: Blender create Mesh node 1–2 Queens Gate | window architrave sides
15:48:41 | INFO: Blender create Mesh node finite porch support
15:48:41 | INFO: Blender create Mesh node finite entry approach from audited ground
15:48:41 | INFO: Blender create Mesh node Cheval Hyde Park Gate | aperture stone surround
15:48:41 | INFO: Blender create Mesh node Cheval Hyde Park Gate | balcony cap rail
15:48:41 | INFO: Blender create Mesh node Cheval Hyde Park Gate | balcony turned balusters
15:48:41 | INFO: Blender create Mesh node Cheval Hyde Park Gate | continuous mitred cornices
15:48:41 | INFO: Blender create Mesh node Cheval Hyde Park Gate | curved window head masonry
15:48:41 | INFO: Blender create Mesh node Cheval Hyde Park Gate | door jamb
15:48:41 | INFO: Blender create Mesh node Cheval Hyde Park Gate | door leaf raised panels
15:48:41 | INFO: Blender create Mesh node Cheval Hyde Park Gate | door lintel frame
15:48:41 | INFO: Blender create Mesh node Cheval Hyde Park Gate | Doric entrance porch columns
15:48:41 | INFO: Blender create Mesh node Cheval Hyde Park Gate | Doric porch entablature
15:48:41 | INFO: Blender create Mesh node Cheval Hyde Park Gate | dormer central sash
15:48:41 | INFO: Blender create Mesh node Cheval Hyde Park Gate | dormer jambs
15:48:41 | INFO: Blender create Mesh node Cheval Hyde Park Gate | dormer recessed glass
15:48:41 | INFO: Blender create Mesh node Cheval Hyde Park Gate | dormer side cheeks
15:48:41 | INFO: Blender create Mesh node Cheval Hyde Park Gate | dormer sill
15:48:41 | INFO: Blender create Mesh node Cheval Hyde Park Gate | dormer top flashing
15:48:41 | INFO: Blender create Mesh node Cheval Hyde Park Gate | entrance leaf
15:48:41 | INFO: Blender create Mesh node Cheval Hyde Park Gate | estimated recessed attic mansard
15:48:41 | INFO: Blender create Mesh node Cheval Hyde Park Gate | first floor balcony deck
15:48:41 | INFO: Blender create Mesh node Cheval Hyde Park Gate | first floor Ionic shafts
15:48:41 | INFO: Blender create Mesh node Cheval Hyde Park Gate | full concave footprint roof
15:48:41 | INFO: Blender create Mesh node Cheval Hyde Park Gate | full depth wall piers
15:48:41 | INFO: Blender create Mesh node Cheval Hyde Park Gate | Ionic capital volute blocks
15:48:41 | INFO: Blender create Mesh node Cheval Hyde Park Gate | mansard front end slopes
15:48:41 | INFO: Blender create Mesh node Cheval Hyde Park Gate | mansard front pierced roof
15:48:41 | INFO: Blender create Mesh node Cheval Hyde Park Gate | parapet continuous upstand
15:48:41 | INFO: Blender create Mesh node Cheval Hyde Park Gate | parapet finial plinths
15:48:41 | INFO: Blender create Mesh node Cheval Hyde Park Gate | porch triglyph blocks
15:48:41 | INFO: Blender create Mesh node Cheval Hyde Park Gate | projecting window sill
15:48:41 | INFO: Blender create Mesh node Cheval Hyde Park Gate | recessed glazing
15:48:41 | INFO: Blender create Mesh node Cheval Hyde Park Gate | rounded dormer heads
15:48:41 | INFO: Blender create Mesh node Cheval Hyde Park Gate | rusticated stucco course edges
15:48:41 | INFO: Blender create Mesh node Cheval Hyde Park Gate | sash central mullion
15:48:41 | INFO: Blender create Mesh node Cheval Hyde Park Gate | sash jamb
15:48:41 | INFO: Blender create Mesh node Cheval Hyde Park Gate | second floor curved pediments
15:48:41 | INFO: Blender create Mesh node Cheval Hyde Park Gate | segmental ground archivolts
15:48:41 | INFO: Blender create Mesh node Cheval Hyde Park Gate | stylised bearded mask blocks estimated
15:48:41 | INFO: Blender create Mesh node Cheval Hyde Park Gate | stylised spiked globes
15:48:41 | INFO: Blender create Mesh node Cheval Hyde Park Gate | top floor giant consoles
15:48:41 | INFO: Blender create Mesh node Cheval Hyde Park Gate | triangular first floor pediments
15:48:41 | INFO: Blender create Mesh node Cheval Hyde Park Gate | wall below apertures
15:48:41 | INFO: Blender create Mesh node Cheval Hyde Park Gate | wall lintels
15:48:41 | INFO: Blender create Mesh node Cheval Hyde Park Gate | window sash rails
15:48:41 | INFO: glTF import finished in 0.25s
15:48:41 | INFO: Data are loaded, start creating Blender stuff
15:48:41 | INFO: Blender create Mesh node finite entry approach from audited ground
15:48:41 | INFO: Blender create Mesh node 3 Queens Gate | arched window solid spandrels
15:48:41 | INFO: Blender create Mesh node 3 Queens Gate | complete concave roof deck
15:48:41 | INFO: Blender create Mesh node 3 Queens Gate | door central stile
15:48:41 | INFO: Blender create Mesh node 3 Queens Gate | door hardware
15:48:41 | INFO: Blender create Mesh node 3 Queens Gate | entrance leaves
15:48:41 | INFO: Blender create Mesh node 3 Queens Gate | entry transom
15:48:41 | INFO: Blender create Mesh node 3 Queens Gate | flush threshold
15:48:41 | INFO: Blender create Mesh node 3 Queens Gate | hood console blocks
15:48:41 | INFO: Blender create Mesh node 3 Queens Gate | moulded window hood
15:48:41 | INFO: Blender create Mesh node 3 Queens Gate | painted sash frames
15:48:41 | INFO: Blender create Mesh node 3 Queens Gate | pierced stucco elevations
15:48:41 | INFO: Blender create Mesh node 3 Queens Gate | plain brick plinth
15:48:41 | INFO: Blender create Mesh node 3 Queens Gate | plain eaves and floor course
15:48:41 | INFO: Blender create Mesh node 3 Queens Gate | recessed townhouse sash glazing
15:48:41 | INFO: Blender create Mesh node 3 Queens Gate | sash glazing bars
15:48:41 | INFO: Blender create Mesh node 3 Queens Gate | sash meeting rails
15:48:41 | INFO: Blender create Mesh node 3 Queens Gate | stone entrance entablature
15:48:41 | INFO: Blender create Mesh node 3 Queens Gate | stone entrance jambs
15:48:41 | INFO: Blender create Mesh node 3 Queens Gate | stone parapet coping
15:48:41 | INFO: Blender create Mesh node 3 Queens Gate | stone window sills
15:48:41 | INFO: Blender create Mesh node 3 Queens Gate | street balcony balusters
15:48:41 | INFO: Blender create Mesh node 3 Queens Gate | street balcony rails
15:48:41 | INFO: Blender create Mesh node 3 Queens Gate | street first floor balcony slab
15:48:41 | INFO: Blender create Mesh node 3 Queens Gate | street order base mouldings
15:48:41 | INFO: Blender create Mesh node 3 Queens Gate | street order capital abaci
15:48:41 | INFO: Blender create Mesh node 3 Queens Gate | street order pilaster shafts
15:48:41 | INFO: Blender create Mesh node 3 Queens Gate | stucco attic parapet
15:48:41 | INFO: Blender create Mesh node 3 Queens Gate | third floor curved arch surrounds
15:48:41 | INFO: Blender create Mesh node 3 Queens Gate | window architrave sides
15:48:41 | INFO: Blender create Mesh node finite entry approach from audited ground.001
15:48:41 | INFO: Blender create Mesh node 4 Queens Gate | arched frame
15:48:41 | INFO: Blender create Mesh node 4 Queens Gate | arched window spandrel
15:48:41 | INFO: Blender create Mesh node 4 Queens Gate | balcony balusters
15:48:41 | INFO: Blender create Mesh node 4 Queens Gate | balcony upper rail
15:48:41 | INFO: Blender create Mesh node 4 Queens Gate | concave roof membrane
15:48:41 | INFO: Blender create Mesh node 4 Queens Gate | door glass fanlight
15:48:41 | INFO: Blender create Mesh node 4 Queens Gate | door handle
15:48:41 | INFO: Blender create Mesh node 4 Queens Gate | door transom
15:48:41 | INFO: Blender create Mesh node 4 Queens Gate | first floor balcony deck
15:48:41 | INFO: Blender create Mesh node 4 Queens Gate | flush floor course
15:48:41 | INFO: Blender create Mesh node 4 Queens Gate | inward eaves
15:48:41 | INFO: Blender create Mesh node 4 Queens Gate | lintels
15:48:41 | INFO: Blender create Mesh node 4 Queens Gate | low parapet
15:48:41 | INFO: Blender create Mesh node 4 Queens Gate | middle storey pilasters
15:48:41 | INFO: Blender create Mesh node 4 Queens Gate | mitred coping
15:48:41 | INFO: Blender create Mesh node 4 Queens Gate | painted joinery
15:48:41 | INFO: Blender create Mesh node 4 Queens Gate | pierced masonry
15:48:41 | INFO: Blender create Mesh node 4 Queens Gate | projecting sills
15:48:41 | INFO: Blender create Mesh node 4 Queens Gate | recessed arched glazing
15:48:41 | INFO: Blender create Mesh node 4 Queens Gate | recessed door
15:48:41 | INFO: Blender create Mesh node 4 Queens Gate | recessed glazing
15:48:41 | INFO: Blender create Mesh node 4 Queens Gate | simplified capitals
15:48:41 | INFO: Blender create Mesh node 4 Queens Gate | street cornice
15:48:41 | INFO: Blender create Mesh node 4 Queens Gate | threshold
15:48:41 | INFO: Blender create Mesh node 4 Queens Gate | upper sash meeting rail
15:48:41 | INFO: Blender create Mesh node 4 Queens Gate | window mullions
15:48:41 | INFO: Blender create Mesh node 4 Queens Gate | window transoms
15:48:41 | INFO: Blender create Mesh node finite entry approach from audited ground.002
15:48:41 | INFO: Blender create Mesh node 24a Queens Gate Mews | continuous mitred intermediate sill course
15:48:41 | INFO: Blender create Mesh node 24a Queens Gate Mews | continuous mitred modest eaves
15:48:41 | INFO: Blender create Mesh node 24a Queens Gate Mews | deep inset glazing
15:48:41 | INFO: Blender create Mesh node 24a Queens Gate Mews | deep projecting stone sill
15:48:41 | INFO: Blender create Mesh node 24a Queens Gate Mews | door head frame
15:48:41 | INFO: Blender create Mesh node 24a Queens Gate Mews | door jamb
15:48:41 | INFO: Blender create Mesh node 24a Queens Gate Mews | door transom frame
15:48:41 | INFO: Blender create Mesh node 24a Queens Gate Mews | door transom glazing
15:48:41 | INFO: Blender create Mesh node 24a Queens Gate Mews | entrance stone jamb surround
15:48:41 | INFO: Blender create Mesh node 24a Queens Gate Mews | estimated rear rainwater pipe
15:48:41 | INFO: Blender create Mesh node 24a Queens Gate Mews | full concave roof surface
15:48:41 | INFO: Blender create Mesh node 24a Queens Gate Mews | full thickness masonry piers
15:48:41 | INFO: Blender create Mesh node 24a Queens Gate Mews | ground transom rail
15:48:41 | INFO: Blender create Mesh node 24a Queens Gate Mews | inset door panels
15:48:41 | INFO: Blender create Mesh node 24a Queens Gate Mews | painted entrance leaf
15:48:41 | INFO: Blender create Mesh node 24a Queens Gate Mews | pipe fixing collars
15:48:41 | INFO: Blender create Mesh node 24a Queens Gate Mews | recessed window bottom sash
15:48:41 | INFO: Blender create Mesh node 24a Queens Gate Mews | recessed window outer sash
15:48:41 | INFO: Blender create Mesh node 24a Queens Gate Mews | roof upstand excluding attached edge4
15:48:41 | INFO: Blender create Mesh node 24a Queens Gate Mews | segmented low plinth
15:48:41 | INFO: Blender create Mesh node 24a Queens Gate Mews | simple entrance lintel
15:48:41 | INFO: Blender create Mesh node 24a Queens Gate Mews | simple stone window lintel
15:48:41 | INFO: Blender create Mesh node 24a Queens Gate Mews | soldier-course header blocks
15:48:41 | INFO: Blender create Mesh node 24a Queens Gate Mews | solid wall lintels
15:48:41 | INFO: Blender create Mesh node 24a Queens Gate Mews | stone coping excluding attached edge4
15:48:41 | INFO: Blender create Mesh node 24a Queens Gate Mews | tripartite mews casement mullions
15:48:41 | INFO: Blender create Mesh node 24a Queens Gate Mews | upper sash glazing bars
15:48:41 | INFO: Blender create Mesh node 24a Queens Gate Mews | upper sash meeting rail
15:48:41 | INFO: Blender create Mesh node 24a Queens Gate Mews | wall below recessed apertures
15:48:41 | INFO: glTF import finished in 0.10s
15:48:41 | INFO: Data are loaded, start creating Blender stuff
15:48:41 | INFO: Blender create Mesh node finite entry approach from audited ground.002
15:48:41 | INFO: Blender create Mesh node 1 Princes Gate Mews | complete concave roof deck
15:48:41 | INFO: Blender create Mesh node 1 Princes Gate Mews | door hardware
15:48:41 | INFO: Blender create Mesh node 1 Princes Gate Mews | door recessed lower panel
15:48:41 | INFO: Blender create Mesh node 1 Princes Gate Mews | door recessed upper panel
15:48:41 | INFO: Blender create Mesh node 1 Princes Gate Mews | entrance leaves
15:48:41 | INFO: Blender create Mesh node 1 Princes Gate Mews | entry transom
15:48:41 | INFO: Blender create Mesh node 1 Princes Gate Mews | flush threshold
15:48:41 | INFO: Blender create Mesh node 1 Princes Gate Mews | low mews roof parapet
15:48:41 | INFO: Blender create Mesh node 1 Princes Gate Mews | painted sash frames
15:48:41 | INFO: Blender create Mesh node 1 Princes Gate Mews | pierced muted masonry facades
15:48:41 | INFO: Blender create Mesh node 1 Princes Gate Mews | plain brick plinth
15:48:41 | INFO: Blender create Mesh node 1 Princes Gate Mews | plain eaves and floor course
15:48:41 | INFO: Blender create Mesh node 1 Princes Gate Mews | plain entrance jambs
15:48:41 | INFO: Blender create Mesh node 1 Princes Gate Mews | plain entrance lintel
15:48:41 | INFO: Blender create Mesh node 1 Princes Gate Mews | plain sash mullions
15:48:41 | INFO: Blender create Mesh node 1 Princes Gate Mews | plain sash transoms
15:48:41 | INFO: Blender create Mesh node 1 Princes Gate Mews | recessed mews sash glazing
15:48:41 | INFO: Blender create Mesh node 1 Princes Gate Mews | shallow parapet coping
15:48:41 | INFO: Blender create Mesh node 1 Princes Gate Mews | stone window sills
15:48:41 | INFO: Blender create Mesh node 1 Princes Gate Mews | subtle brick headers
15:48:41 | INFO: Blender create Mesh node finite entry approach from audited ground
15:48:41 | INFO: Blender create Mesh node 69–70 Princes Gate | capital volutes
15:48:41 | INFO: Blender create Mesh node 69–70 Princes Gate | central window pediments
15:48:41 | INFO: Blender create Mesh node 69–70 Princes Gate | door glass fanlight
15:48:41 | INFO: Blender create Mesh node 69–70 Princes Gate | door handle
15:48:41 | INFO: Blender create Mesh node 69–70 Princes Gate | door transom
15:48:41 | INFO: Blender create Mesh node 69–70 Princes Gate | eaves brackets
15:48:41 | INFO: Blender create Mesh node 69–70 Princes Gate | first balcony deck
15:48:41 | INFO: Blender create Mesh node 69–70 Princes Gate | first balcony rail
15:48:41 | INFO: Blender create Mesh node 69–70 Princes Gate | front cornice
15:48:41 | INFO: Blender create Mesh node 69–70 Princes Gate | full polygon roof basecap
15:48:41 | INFO: Blender create Mesh node 69–70 Princes Gate | inward eaves
15:48:41 | INFO: Blender create Mesh node 69–70 Princes Gate | lintels
15:48:41 | INFO: Blender create Mesh node 69–70 Princes Gate | low parapet
15:48:41 | INFO: Blender create Mesh node 69–70 Princes Gate | mansard slopes
15:48:41 | INFO: Blender create Mesh node 69–70 Princes Gate | mansard top deck
15:48:41 | INFO: Blender create Mesh node 69–70 Princes Gate | mitred coping
15:48:41 | INFO: Blender create Mesh node 69–70 Princes Gate | painted joinery
15:48:41 | INFO: Blender create Mesh node 69–70 Princes Gate | paired house pilasters
15:48:41 | INFO: Blender create Mesh node 69–70 Princes Gate | pierced masonry
15:48:41 | INFO: Blender create Mesh node 69–70 Princes Gate | projecting sills
15:48:41 | INFO: Blender create Mesh node 69–70 Princes Gate | recessed door
15:48:41 | INFO: Blender create Mesh node 69–70 Princes Gate | recessed glazing
15:48:41 | INFO: Blender create Mesh node 69–70 Princes Gate | rustication courses
15:48:41 | INFO: Blender create Mesh node 69–70 Princes Gate | second balcony balusters
15:48:41 | INFO: Blender create Mesh node 69–70 Princes Gate | second balcony deck
15:48:41 | INFO: Blender create Mesh node 69–70 Princes Gate | second balcony rail
15:48:41 | INFO: Blender create Mesh node 69–70 Princes Gate | simplified Corinthian capital
15:48:41 | INFO: Blender create Mesh node 69–70 Princes Gate | threshold
15:48:41 | INFO: Blender create Mesh node 69–70 Princes Gate | turned balcony balusters
15:48:41 | INFO: Blender create Mesh node 69–70 Princes Gate | upper sash meeting rail
15:48:41 | INFO: Blender create Mesh node 69–70 Princes Gate | window mullions
15:48:41 | INFO: Blender create Mesh node 69–70 Princes Gate | window transoms
15:48:41 | INFO: Blender create Mesh node 71-72 Princes Gate | architrave head
15:48:41 | INFO: Blender create Mesh node 71-72 Princes Gate | architrave upright
15:48:41 | INFO: Blender create Mesh node 71-72 Princes Gate | central second floor pediment
15:48:41 | INFO: Blender create Mesh node 71-72 Princes Gate | complete concave mapped roof deck
15:48:41 | INFO: Blender create Mesh node 71-72 Princes Gate | continuous first floor balcony deck
15:48:41 | INFO: Blender create Mesh node 71-72 Princes Gate | continuous first floor balustrade rail
15:48:41 | INFO: Blender create Mesh node 71-72 Princes Gate | continuous mitred contained stringcourse
15:48:41 | INFO: Blender create Mesh node 71-72 Princes Gate | cornice modillions
15:48:41 | INFO: Blender create Mesh node 71-72 Princes Gate | cornice window hoods
15:48:41 | INFO: Blender create Mesh node 71-72 Princes Gate | door leaf panel mouldings
15:48:41 | INFO: Blender create Mesh node 71-72 Princes Gate | door leaf transom rail
15:48:41 | INFO: Blender create Mesh node 71-72 Princes Gate | Doric porch columns
15:48:41 | INFO: Blender create Mesh node 71-72 Princes Gate | Doric porch entablature
15:48:41 | INFO: Blender create Mesh node 71-72 Princes Gate | Doric triglyphs
15:48:41 | INFO: Blender create Mesh node 71-72 Princes Gate | entrance glazed transom
15:48:41 | INFO: Blender create Mesh node 71-72 Princes Gate | entrance head frame
15:48:41 | INFO: Blender create Mesh node 71-72 Princes Gate | entrance jamb
15:48:41 | INFO: Blender create Mesh node 71-72 Princes Gate | entrance lantern casing
15:48:41 | INFO: Blender create Mesh node 71-72 Princes Gate | entrance lantern glazing
15:48:41 | INFO: Blender create Mesh node 71-72 Princes Gate | entrance stone head
15:48:41 | INFO: Blender create Mesh node 71-72 Princes Gate | entrance stone surrounds
15:48:41 | INFO: Blender create Mesh node 71-72 Princes Gate | estimated concave mansard slopes
15:48:41 | INFO: Blender create Mesh node 71-72 Princes Gate | estimated concave mansard upper deck
15:48:41 | INFO: Blender create Mesh node 71-72 Princes Gate | first floor bottle balusters
15:48:41 | INFO: Blender create Mesh node 71-72 Princes Gate | first floor Corinthian shafts
15:48:41 | INFO: Blender create Mesh node 71-72 Princes Gate | first floor French casement mullion
15:48:41 | INFO: Blender create Mesh node 71-72 Princes Gate | front bracketed frieze
15:48:41 | INFO: Blender create Mesh node 71-72 Princes Gate | front projecting cornice
15:48:41 | INFO: Blender create Mesh node 71-72 Princes Gate | ground stucco channel courses
15:48:41 | INFO: Blender create Mesh node 71-72 Princes Gate | pierced wall lintel infill
15:48:41 | INFO: Blender create Mesh node 71-72 Princes Gate | pierced wall piers
15:48:41 | INFO: Blender create Mesh node 71-72 Princes Gate | pierced wall sill infill
15:48:41 | INFO: Blender create Mesh node 71-72 Princes Gate | projecting stone sill
15:48:41 | INFO: Blender create Mesh node 71-72 Princes Gate | recessed sash glazing
15:48:41 | INFO: Blender create Mesh node 71-72 Princes Gate | sash meeting and bottom rails
15:48:41 | INFO: Blender create Mesh node 71-72 Princes Gate | second floor balcony rail
15:48:41 | INFO: Blender create Mesh node 71-72 Princes Gate | second floor balcony sill
15:48:41 | INFO: Blender create Mesh node 71-72 Princes Gate | second floor bottle balusters
15:48:41 | INFO: Blender create Mesh node 71-72 Princes Gate | simplified Corinthian leaf blocks
15:48:41 | INFO: Blender create Mesh node 71-72 Princes Gate | timber sash side frames
15:48:41 | INFO: Blender create Mesh node 71-72 Princes Gate | timber sash upper rail
15:48:41 | INFO: Blender create Mesh node 71-72 Princes Gate | window hood corbels
15:48:42 | INFO: Blender create Mesh node 71-72 Princes Gate | wood entrance leaf
15:48:42 | INFO: Blender create Mesh node finite porch support
15:48:42 | INFO: Blender create Mesh node finite entry approach from audited ground.001
15:48:42 | INFO: glTF import finished in 0.15s
15:48:42 | INFO: Data are loaded, start creating Blender stuff
15:48:42 | INFO: Blender create Mesh node 14 Queens Gate Place Mews | blank showroom fascia
15:48:42 | INFO: Blender create Mesh node 14 Queens Gate Place Mews | door glass fanlight
15:48:42 | INFO: Blender create Mesh node 14 Queens Gate Place Mews | door handle
15:48:42 | INFO: Blender create Mesh node 14 Queens Gate Place Mews | door transom
15:48:42 | INFO: Blender create Mesh node 14 Queens Gate Place Mews | estimated hipped roof
15:48:42 | INFO: Blender create Mesh node 14 Queens Gate Place Mews | front rear eaves
15:48:42 | INFO: Blender create Mesh node 14 Queens Gate Place Mews | full polygon roof basecap
15:48:42 | INFO: Blender create Mesh node 14 Queens Gate Place Mews | inward eaves
15:48:42 | INFO: Blender create Mesh node 14 Queens Gate Place Mews | lintels
15:48:42 | INFO: Blender create Mesh node 14 Queens Gate Place Mews | painted joinery
15:48:42 | INFO: Blender create Mesh node 14 Queens Gate Place Mews | pierced masonry
15:48:42 | INFO: Blender create Mesh node 14 Queens Gate Place Mews | projecting sills
15:48:42 | INFO: Blender create Mesh node 14 Queens Gate Place Mews | recessed door
15:48:42 | INFO: Blender create Mesh node 14 Queens Gate Place Mews | recessed glazing
15:48:42 | INFO: Blender create Mesh node 14 Queens Gate Place Mews | shallow shop cornice
15:48:42 | INFO: Blender create Mesh node 14 Queens Gate Place Mews | showroom end piers
15:48:42 | INFO: Blender create Mesh node finite entry approach from audited ground.002
15:48:42 | INFO: Blender create Mesh node 14 Queens Gate Place Mews | threshold
15:48:42 | INFO: Blender create Mesh node 14 Queens Gate Place Mews | upper sash meeting rail
15:48:42 | INFO: Blender create Mesh node 14 Queens Gate Place Mews | window mullions
15:48:42 | INFO: Blender create Mesh node 14 Queens Gate Place Mews | window transoms
15:48:42 | INFO: Blender create Mesh node 47 Princes Gardens | architrave head
15:48:42 | INFO: Blender create Mesh node 47 Princes Gardens | architrave upright
15:48:42 | INFO: Blender create Mesh node 47 Princes Gardens | central second floor pediment
15:48:42 | INFO: Blender create Mesh node 47 Princes Gardens | complete concave mapped roof deck
15:48:42 | INFO: Blender create Mesh node 47 Princes Gardens | continuous first floor balcony deck
15:48:42 | INFO: Blender create Mesh node 47 Princes Gardens | continuous first floor balustrade rail
15:48:42 | INFO: Blender create Mesh node 47 Princes Gardens | continuous mitred contained stringcourse
15:48:42 | INFO: Blender create Mesh node 47 Princes Gardens | cornice modillions
15:48:42 | INFO: Blender create Mesh node 47 Princes Gardens | cornice window hoods
15:48:42 | INFO: Blender create Mesh node 47 Princes Gardens | door leaf panel mouldings
15:48:42 | INFO: Blender create Mesh node 47 Princes Gardens | door leaf transom rail
15:48:42 | INFO: Blender create Mesh node 47 Princes Gardens | Doric porch columns
15:48:42 | INFO: Blender create Mesh node 47 Princes Gardens | Doric porch entablature
15:48:42 | INFO: Blender create Mesh node 47 Princes Gardens | Doric triglyphs
15:48:42 | INFO: Blender create Mesh node 47 Princes Gardens | entrance glazed transom
15:48:42 | INFO: Blender create Mesh node 47 Princes Gardens | entrance head frame
15:48:42 | INFO: Blender create Mesh node 47 Princes Gardens | entrance jamb
15:48:42 | INFO: Blender create Mesh node 47 Princes Gardens | entrance stone head
15:48:42 | INFO: Blender create Mesh node 47 Princes Gardens | entrance stone surrounds
15:48:42 | INFO: Blender create Mesh node 47 Princes Gardens | estimated front rear roof parapet
15:48:42 | INFO: Blender create Mesh node 47 Princes Gardens | first floor bottle balusters
15:48:42 | INFO: Blender create Mesh node 47 Princes Gardens | first floor Corinthian shafts
15:48:42 | INFO: Blender create Mesh node 47 Princes Gardens | first floor French casement mullion
15:48:42 | INFO: Blender create Mesh node 47 Princes Gardens | front bracketed frieze
15:48:42 | INFO: Blender create Mesh node 47 Princes Gardens | front projecting cornice
15:48:42 | INFO: Blender create Mesh node 47 Princes Gardens | front rear coping
15:48:42 | INFO: Blender create Mesh node 47 Princes Gardens | ground stucco channel courses
15:48:42 | INFO: Blender create Mesh node 47 Princes Gardens | pierced wall lintel infill
15:48:42 | INFO: Blender create Mesh node 47 Princes Gardens | pierced wall piers
15:48:42 | INFO: Blender create Mesh node 47 Princes Gardens | pierced wall sill infill
15:48:42 | INFO: Blender create Mesh node finite porch support
15:48:42 | INFO: Blender create Mesh node 47 Princes Gardens | projecting stone sill
15:48:42 | INFO: Blender create Mesh node 47 Princes Gardens | recessed sash glazing
15:48:42 | INFO: Blender create Mesh node 47 Princes Gardens | sash meeting and bottom rails
15:48:42 | INFO: Blender create Mesh node 47 Princes Gardens | second floor balcony rail
15:48:42 | INFO: Blender create Mesh node 47 Princes Gardens | second floor balcony sill
15:48:42 | INFO: Blender create Mesh node 47 Princes Gardens | second floor bottle balusters
15:48:42 | INFO: Blender create Mesh node 47 Princes Gardens | simplified Corinthian leaf blocks
15:48:42 | INFO: Blender create Mesh node finite entry approach from audited ground
15:48:42 | INFO: Blender create Mesh node 47 Princes Gardens | timber sash side frames
15:48:42 | INFO: Blender create Mesh node 47 Princes Gardens | timber sash upper rail
15:48:42 | INFO: Blender create Mesh node 47 Princes Gardens | window hood corbels
15:48:42 | INFO: Blender create Mesh node 47 Princes Gardens | wood entrance leaf
15:48:42 | INFO: glTF import finished in 0.08s
15:48:42 | INFO: Data are loaded, start creating Blender stuff
15:48:42 | INFO: Blender create Mesh node 5 Queens Gate | arched frame
15:48:42 | INFO: Blender create Mesh node 5 Queens Gate | arched window spandrel
15:48:42 | INFO: Blender create Mesh node 5 Queens Gate | balcony balusters
15:48:42 | INFO: Blender create Mesh node 5 Queens Gate | balcony upper rail
15:48:42 | INFO: Blender create Mesh node 5 Queens Gate | complete mapped roof basecap
15:48:42 | INFO: Blender create Mesh node 5 Queens Gate | concave roof membrane
15:48:42 | INFO: Blender create Mesh node 5 Queens Gate | door glass fanlight
15:48:42 | INFO: Blender create Mesh node 5 Queens Gate | door handle
15:48:42 | INFO: Blender create Mesh node 5 Queens Gate | door transom
15:48:42 | INFO: Blender create Mesh node 5 Queens Gate | first floor balcony deck
15:48:42 | INFO: Blender create Mesh node 5 Queens Gate | flush floor course
15:48:42 | INFO: Blender create Mesh node 5 Queens Gate | individual window consoles
15:48:42 | INFO: Blender create Mesh node 5 Queens Gate | inward eaves
15:48:42 | INFO: Blender create Mesh node 5 Queens Gate | lintels
15:48:42 | INFO: Blender create Mesh node 5 Queens Gate | low parapet
15:48:42 | INFO: Blender create Mesh node 5 Queens Gate | middle storey pilasters
15:48:42 | INFO: Blender create Mesh node 5 Queens Gate | mitred coping
15:48:42 | INFO: Blender create Mesh node 5 Queens Gate | painted joinery
15:48:42 | INFO: Blender create Mesh node 5 Queens Gate | pierced masonry
15:48:42 | INFO: Blender create Mesh node 5 Queens Gate | projecting sills
15:48:42 | INFO: Blender create Mesh node 5 Queens Gate | recessed arched glazing
15:48:42 | INFO: Blender create Mesh node 5 Queens Gate | recessed door
15:48:42 | INFO: Blender create Mesh node 5 Queens Gate | recessed glazing
15:48:42 | INFO: Blender create Mesh node 5 Queens Gate | simplified capitals
15:48:42 | INFO: Blender create Mesh node 5 Queens Gate | street cornice
15:48:42 | INFO: Blender create Mesh node finite entry approach from audited ground.002
15:48:42 | INFO: Blender create Mesh node 5 Queens Gate | threshold
15:48:42 | INFO: Blender create Mesh node 5 Queens Gate | upper sash meeting rail
15:48:42 | INFO: Blender create Mesh node 5 Queens Gate | window mullions
15:48:42 | INFO: Blender create Mesh node 5 Queens Gate | window transoms
15:48:42 | INFO: Blender create Mesh node 26 Princes Gate | attic continuous mitred top rim
15:48:42 | INFO: Blender create Mesh node 26 Princes Gate | attic frame jambs
15:48:42 | INFO: Blender create Mesh node 26 Princes Gate | attic frame rails
15:48:42 | INFO: Blender create Mesh node 26 Princes Gate | attic round head curved trim
15:48:42 | INFO: Blender create Mesh node 26 Princes Gate | attic round head solid spandrels
15:48:42 | INFO: Blender create Mesh node 26 Princes Gate | central first floor pediment
15:48:42 | INFO: Blender create Mesh node 26 Princes Gate | complete attic flat roof
15:48:42 | INFO: Blender create Mesh node 26 Princes Gate | curved window curved trim
15:48:42 | INFO: Blender create Mesh node 26 Princes Gate | curved window solid spandrels
15:48:42 | INFO: Blender create Mesh node 26 Princes Gate | door glass fanlight
15:48:42 | INFO: Blender create Mesh node 26 Princes Gate | door handle
15:48:42 | INFO: Blender create Mesh node 26 Princes Gate | door transom
15:48:42 | INFO: Blender create Mesh node 26 Princes Gate | Doric porch abacus
15:48:42 | INFO: Blender create Mesh node 26 Princes Gate | Doric porch entablature
15:48:42 | INFO: Blender create Mesh node 26 Princes Gate | Doric porch shafts
15:48:42 | INFO: Blender create Mesh node 26 Princes Gate | Doric porch square foot
15:48:42 | INFO: Blender create Mesh node 26 Princes Gate | first floor pilaster shafts
15:48:42 | INFO: Blender create Mesh node 26 Princes Gate | flush attic solid walls
15:48:42 | INFO: Blender create Mesh node 26 Princes Gate | front cornice
15:48:42 | INFO: Blender create Mesh node 26 Princes Gate | front cornice dentils
15:48:42 | INFO: Blender create Mesh node 26 Princes Gate | full mapped roof base cap
15:48:42 | INFO: Blender create Mesh node 26 Princes Gate | inward eaves
15:48:42 | INFO: Blender create Mesh node 26 Princes Gate | Juliet sill decks
15:48:42 | INFO: Blender create Mesh node 26 Princes Gate | Juliet top rails
15:48:42 | INFO: Blender create Mesh node 26 Princes Gate | Juliet vertical bars
15:48:42 | INFO: Blender create Mesh node 26 Princes Gate | lintels
15:48:42 | INFO: Blender create Mesh node 26 Princes Gate | outer shallow pilasters
15:48:42 | INFO: Blender create Mesh node 26 Princes Gate | painted joinery
15:48:42 | INFO: Blender create Mesh node 26 Princes Gate | pierced masonry
15:48:42 | INFO: Blender create Mesh node finite porch support
15:48:42 | INFO: Blender create Mesh node 26 Princes Gate | projecting sills
15:48:42 | INFO: Blender create Mesh node 26 Princes Gate | recessed attic glazing
15:48:42 | INFO: Blender create Mesh node 26 Princes Gate | recessed door
15:48:42 | INFO: Blender create Mesh node 26 Princes Gate | recessed glazing
15:48:42 | INFO: Blender create Mesh node 26 Princes Gate | simplified first floor capitals
15:48:42 | INFO: Blender create Mesh node finite entry approach from audited ground.001
15:48:42 | INFO: Blender create Mesh node 26 Princes Gate | threshold
15:48:42 | INFO: Blender create Mesh node 26 Princes Gate | upper sash meeting rail
15:48:42 | INFO: Blender create Mesh node 26 Princes Gate | window mullions
15:48:42 | INFO: Blender create Mesh node 26 Princes Gate | window transoms
15:48:42 | INFO: Blender create Mesh node 46 Princes Gardens | architrave head
15:48:42 | INFO: Blender create Mesh node 46 Princes Gardens | architrave upright
15:48:42 | INFO: Blender create Mesh node 46 Princes Gardens | central second floor pediment
15:48:42 | INFO: Blender create Mesh node 46 Princes Gardens | complete concave mapped roof deck
15:48:42 | INFO: Blender create Mesh node 46 Princes Gardens | continuous first floor balcony deck
15:48:42 | INFO: Blender create Mesh node 46 Princes Gardens | continuous first floor balustrade rail
15:48:42 | INFO: Blender create Mesh node 46 Princes Gardens | continuous mitred contained stringcourse
15:48:42 | INFO: Blender create Mesh node 46 Princes Gardens | cornice modillions
15:48:42 | INFO: Blender create Mesh node 46 Princes Gardens | cornice window hoods
15:48:42 | INFO: Blender create Mesh node 46 Princes Gardens | door leaf panel mouldings
15:48:42 | INFO: Blender create Mesh node 46 Princes Gardens | door leaf transom rail
15:48:42 | INFO: Blender create Mesh node 46 Princes Gardens | entrance glazed transom
15:48:42 | INFO: Blender create Mesh node 46 Princes Gardens | entrance head frame
15:48:42 | INFO: Blender create Mesh node 46 Princes Gardens | entrance jamb
15:48:42 | INFO: Blender create Mesh node 46 Princes Gardens | entrance stone head
15:48:42 | INFO: Blender create Mesh node 46 Princes Gardens | entrance stone surrounds
15:48:42 | INFO: Blender create Mesh node 46 Princes Gardens | estimated front rear roof parapet
15:48:42 | INFO: Blender create Mesh node 46 Princes Gardens | first floor bottle balusters
15:48:42 | INFO: Blender create Mesh node 46 Princes Gardens | first floor Corinthian shafts
15:48:42 | INFO: Blender create Mesh node 46 Princes Gardens | first floor French casement mullion
15:48:42 | INFO: Blender create Mesh node 46 Princes Gardens | front bracketed frieze
15:48:42 | INFO: Blender create Mesh node 46 Princes Gardens | front projecting cornice
15:48:42 | INFO: Blender create Mesh node 46 Princes Gardens | front rear coping
15:48:42 | INFO: Blender create Mesh node 46 Princes Gardens | ground stucco channel courses
15:48:42 | INFO: Blender create Mesh node 46 Princes Gardens | pierced wall lintel infill
15:48:42 | INFO: Blender create Mesh node 46 Princes Gardens | pierced wall piers
15:48:42 | INFO: Blender create Mesh node 46 Princes Gardens | pierced wall sill infill
15:48:42 | INFO: Blender create Mesh node 46 Princes Gardens | projecting stone sill
15:48:42 | INFO: Blender create Mesh node 46 Princes Gardens | recessed sash glazing
15:48:42 | INFO: Blender create Mesh node 46 Princes Gardens | sash meeting and bottom rails
15:48:42 | INFO: Blender create Mesh node 46 Princes Gardens | second floor balcony rail
15:48:42 | INFO: Blender create Mesh node 46 Princes Gardens | second floor balcony sill
15:48:42 | INFO: Blender create Mesh node 46 Princes Gardens | second floor bottle balusters
15:48:42 | INFO: Blender create Mesh node 46 Princes Gardens | simplified Corinthian leaf blocks
15:48:42 | INFO: Blender create Mesh node finite entry approach from audited ground
15:48:42 | INFO: Blender create Mesh node 46 Princes Gardens | timber sash side frames
15:48:42 | INFO: Blender create Mesh node 46 Princes Gardens | timber sash upper rail
15:48:42 | INFO: Blender create Mesh node 46 Princes Gardens | window hood corbels
15:48:42 | INFO: Blender create Mesh node 46 Princes Gardens | wood entrance leaf
15:48:42 | INFO: glTF import finished in 0.14s
15:48:42 | INFO: Data are loaded, start creating Blender stuff
15:48:42 | INFO: Blender create Mesh node 27 Princes Gate | attic continuous mitred rim
15:48:42 | INFO: Blender create Mesh node 27 Princes Gate | central first floor pediment
15:48:42 | INFO: Blender create Mesh node 27 Princes Gate | complete attic roof deck
15:48:42 | INFO: Blender create Mesh node 27 Princes Gate | curved frame heads
15:48:42 | INFO: Blender create Mesh node 27 Princes Gate | curved masonry heads
15:48:42 | INFO: Blender create Mesh node 27 Princes Gate | curved recessed glazing
15:48:42 | INFO: Blender create Mesh node 27 Princes Gate | door glass fanlight
15:48:42 | INFO: Blender create Mesh node 27 Princes Gate | door handle
15:48:42 | INFO: Blender create Mesh node 27 Princes Gate | door transom
15:48:42 | INFO: Blender create Mesh node 27 Princes Gate | first floor pilaster shafts
15:48:42 | INFO: Blender create Mesh node 27 Princes Gate | front cornice
15:48:42 | INFO: Blender create Mesh node 27 Princes Gate | front cornice dentils
15:48:42 | INFO: Blender create Mesh node 27 Princes Gate | full mapped roof base cap
15:48:42 | INFO: Blender create Mesh node 27 Princes Gate | Juliet sill decks
15:48:42 | INFO: Blender create Mesh node 27 Princes Gate | Juliet top rails
15:48:42 | INFO: Blender create Mesh node 27 Princes Gate | Juliet vertical bars
15:48:42 | INFO: Blender create Mesh node 27 Princes Gate | lintels
15:48:42 | INFO: Blender create Mesh node 27 Princes Gate | outer shallow pilasters
15:48:42 | INFO: Blender create Mesh node 27 Princes Gate | painted joinery
15:48:42 | INFO: Blender create Mesh node 27 Princes Gate | pierced masonry
15:48:42 | INFO: Blender create Mesh node 27 Princes Gate | projecting sills
15:48:42 | INFO: Blender create Mesh node 27 Princes Gate | recessed door
15:48:42 | INFO: Blender create Mesh node 27 Princes Gate | recessed glazing
15:48:42 | INFO: Blender create Mesh node 27 Princes Gate | simplified first floor capitals
15:48:42 | INFO: Blender create Mesh node finite entry approach from audited ground
15:48:42 | INFO: Blender create Mesh node 27 Princes Gate | threshold
15:48:42 | INFO: Blender create Mesh node 27 Princes Gate | upper sash meeting rail
15:48:42 | INFO: Blender create Mesh node 27 Princes Gate | window mullions
15:48:42 | INFO: Blender create Mesh node 27 Princes Gate | window transoms
15:48:42 | INFO: glTF import finished in 0.06s
15:48:42 | INFO: Data are loaded, start creating Blender stuff
15:48:42 | INFO: Blender create Mesh node 2 Princes Gate Mews | complete five point roof cap
15:48:42 | INFO: Blender create Mesh node 2 Princes Gate Mews | contained continuous mitred eaves
15:48:42 | INFO: Blender create Mesh node 2 Princes Gate Mews | deep inset glazing
15:48:42 | INFO: Blender create Mesh node 2 Princes Gate Mews | deep projecting stone sill
15:48:42 | INFO: Blender create Mesh node 2 Princes Gate Mews | door head frame
15:48:42 | INFO: Blender create Mesh node 2 Princes Gate Mews | door jamb
15:48:42 | INFO: Blender create Mesh node 2 Princes Gate Mews | door transom frame
15:48:42 | INFO: Blender create Mesh node 2 Princes Gate Mews | door transom glazing
15:48:42 | INFO: Blender create Mesh node 2 Princes Gate Mews | entrance stone jamb surround
15:48:42 | INFO: Blender create Mesh node 2 Princes Gate Mews | estimated rear rainwater pipe
15:48:42 | INFO: Blender create Mesh node 2 Princes Gate Mews | front and rear contained coping
15:48:42 | INFO: Blender create Mesh node 2 Princes Gate Mews | front and rear intermediate course
15:48:42 | INFO: Blender create Mesh node 2 Princes Gate Mews | front and rear low parapet
15:48:42 | INFO: Blender create Mesh node 2 Princes Gate Mews | ground transom rail
15:48:42 | INFO: Blender create Mesh node 2 Princes Gate Mews | inset door panels
15:48:42 | INFO: Blender create Mesh node 2 Princes Gate Mews | painted entrance leaf
15:48:42 | INFO: Blender create Mesh node 2 Princes Gate Mews | pierced wall piers
15:48:42 | INFO: Blender create Mesh node 2 Princes Gate Mews | pipe fixing collars
15:48:42 | INFO: Blender create Mesh node 2 Princes Gate Mews | recessed window bottom sash
15:48:42 | INFO: Blender create Mesh node 2 Princes Gate Mews | recessed window outer sash
15:48:42 | INFO: Blender create Mesh node 2 Princes Gate Mews | segmented low plinth
15:48:42 | INFO: Blender create Mesh node 2 Princes Gate Mews | simple entrance lintel
15:48:42 | INFO: Blender create Mesh node 2 Princes Gate Mews | simple stone window lintel
15:48:42 | INFO: Blender create Mesh node 2 Princes Gate Mews | soldier-course header blocks
15:48:42 | INFO: Blender create Mesh node 2 Princes Gate Mews | solid wall lintels
15:48:42 | INFO: Blender create Mesh node finite entry approach from audited ground
15:48:42 | INFO: Blender create Mesh node 2 Princes Gate Mews | tripartite mews casement mullions
15:48:42 | INFO: Blender create Mesh node 2 Princes Gate Mews | upper sash glazing bars
15:48:42 | INFO: Blender create Mesh node 2 Princes Gate Mews | upper sash meeting rail
15:48:42 | INFO: Blender create Mesh node 2 Princes Gate Mews | wall below recessed apertures
15:48:42 | INFO: Blender create Mesh node 12 Queens Gate Place Mews | corner brick piers
15:48:42 | INFO: Blender create Mesh node 12 Queens Gate Place Mews | door glass fanlight
15:48:42 | INFO: Blender create Mesh node 12 Queens Gate Place Mews | door handle
15:48:42 | INFO: Blender create Mesh node 12 Queens Gate Place Mews | door transom
15:48:42 | INFO: Blender create Mesh node 12 Queens Gate Place Mews | estimated hipped roof
15:48:42 | INFO: Blender create Mesh node 12 Queens Gate Place Mews | front rear eaves
15:48:42 | INFO: Blender create Mesh node 12 Queens Gate Place Mews | full polygon roof basecap
15:48:42 | INFO: Blender create Mesh node 12 Queens Gate Place Mews | inward eaves
15:48:42 | INFO: Blender create Mesh node 12 Queens Gate Place Mews | lintels
15:48:42 | INFO: Blender create Mesh node 12 Queens Gate Place Mews | painted joinery
15:48:42 | INFO: Blender create Mesh node 12 Queens Gate Place Mews | pierced masonry
15:48:42 | INFO: Blender create Mesh node 12 Queens Gate Place Mews | plain first floor stringcourse
15:48:42 | INFO: Blender create Mesh node 12 Queens Gate Place Mews | projecting sills
15:48:42 | INFO: Blender create Mesh node 12 Queens Gate Place Mews | recessed door
15:48:42 | INFO: Blender create Mesh node 12 Queens Gate Place Mews | recessed glazing
15:48:42 | INFO: Blender create Mesh node 12 Queens Gate Place Mews | small brick eaves dentils
15:48:42 | INFO: Blender create Mesh node finite entry approach from audited ground.001
15:48:42 | INFO: Blender create Mesh node 12 Queens Gate Place Mews | threshold
15:48:42 | INFO: Blender create Mesh node 12 Queens Gate Place Mews | upper sash meeting rail
15:48:42 | INFO: Blender create Mesh node 12 Queens Gate Place Mews | window mullions
15:48:42 | INFO: Blender create Mesh node 12 Queens Gate Place Mews | window transoms
15:48:42 | INFO: Blender create Mesh node finite entry approach from audited ground.002
15:48:42 | INFO: Blender create Mesh node 16 Queen’s Gate Place Mews | complete five-point roof deck
15:48:42 | INFO: Blender create Mesh node 16 Queen’s Gate Place Mews | door hardware
15:48:42 | INFO: Blender create Mesh node 16 Queen’s Gate Place Mews | door recessed lower panel
15:48:42 | INFO: Blender create Mesh node 16 Queen’s Gate Place Mews | door recessed upper panel
15:48:42 | INFO: Blender create Mesh node 16 Queen’s Gate Place Mews | entrance leaves
15:48:42 | INFO: Blender create Mesh node 16 Queen’s Gate Place Mews | entry transom
15:48:42 | INFO: Blender create Mesh node 16 Queen’s Gate Place Mews | flush threshold
15:48:42 | INFO: Blender create Mesh node 16 Queen’s Gate Place Mews | low mews roof parapet
15:48:42 | INFO: Blender create Mesh node 16 Queen’s Gate Place Mews | painted sash frames
15:48:42 | INFO: Blender create Mesh node 16 Queen’s Gate Place Mews | pierced muted masonry facades
15:48:42 | INFO: Blender create Mesh node 16 Queen’s Gate Place Mews | plain brick plinth
15:48:42 | INFO: Blender create Mesh node 16 Queen’s Gate Place Mews | plain eaves and floor course
15:48:42 | INFO: Blender create Mesh node 16 Queen’s Gate Place Mews | plain entrance jambs
15:48:42 | INFO: Blender create Mesh node 16 Queen’s Gate Place Mews | plain entrance lintel
15:48:42 | INFO: Blender create Mesh node 16 Queen’s Gate Place Mews | plain sash mullions
15:48:42 | INFO: Blender create Mesh node 16 Queen’s Gate Place Mews | plain sash transoms
15:48:42 | INFO: Blender create Mesh node 16 Queen’s Gate Place Mews | recessed mews sash glazing
15:48:42 | INFO: Blender create Mesh node 16 Queen’s Gate Place Mews | shallow parapet coping
15:48:42 | INFO: Blender create Mesh node 16 Queen’s Gate Place Mews | stone window sills
15:48:42 | INFO: Blender create Mesh node 16 Queen’s Gate Place Mews | subtle brick headers
15:48:42 | INFO: glTF import finished in 0.07s
15:48:42 | INFO: Data are loaded, start creating Blender stuff
15:48:42 | INFO: Blender create Mesh node 6 Queens Gate | arched frame
15:48:42 | INFO: Blender create Mesh node 6 Queens Gate | arched window spandrel
15:48:42 | INFO: Blender create Mesh node 6 Queens Gate | balcony balusters
15:48:42 | INFO: Blender create Mesh node 6 Queens Gate | balcony upper rail
15:48:42 | INFO: Blender create Mesh node 6 Queens Gate | complete mapped roof basecap
15:48:42 | INFO: Blender create Mesh node 6 Queens Gate | concave roof membrane
15:48:42 | INFO: Blender create Mesh node 6 Queens Gate | door glass fanlight
15:48:42 | INFO: Blender create Mesh node 6 Queens Gate | door handle
15:48:42 | INFO: Blender create Mesh node 6 Queens Gate | door transom
15:48:42 | INFO: Blender create Mesh node 6 Queens Gate | first floor balcony deck
15:48:42 | INFO: Blender create Mesh node 6 Queens Gate | flush floor course
15:48:42 | INFO: Blender create Mesh node 6 Queens Gate | individual window consoles
15:48:42 | INFO: Blender create Mesh node 6 Queens Gate | inward eaves
15:48:42 | INFO: Blender create Mesh node 6 Queens Gate | lintels
15:48:42 | INFO: Blender create Mesh node 6 Queens Gate | low parapet
15:48:42 | INFO: Blender create Mesh node 6 Queens Gate | middle storey pilasters
15:48:42 | INFO: Blender create Mesh node 6 Queens Gate | mitred coping
15:48:42 | INFO: Blender create Mesh node 6 Queens Gate | painted joinery
15:48:42 | INFO: Blender create Mesh node 6 Queens Gate | pierced masonry
15:48:42 | INFO: Blender create Mesh node 6 Queens Gate | projecting sills
15:48:42 | INFO: Blender create Mesh node 6 Queens Gate | recessed arched glazing
15:48:42 | INFO: Blender create Mesh node 6 Queens Gate | recessed door
15:48:42 | INFO: Blender create Mesh node 6 Queens Gate | recessed glazing
15:48:42 | INFO: Blender create Mesh node 6 Queens Gate | simplified capitals
15:48:42 | INFO: Blender create Mesh node 6 Queens Gate | street cornice
15:48:42 | INFO: Blender create Mesh node finite entry approach from audited ground.002
15:48:42 | INFO: Blender create Mesh node 6 Queens Gate | threshold
15:48:42 | INFO: Blender create Mesh node 6 Queens Gate | upper cornice consoles
15:48:42 | INFO: Blender create Mesh node 6 Queens Gate | upper sash meeting rail
15:48:42 | INFO: Blender create Mesh node 6 Queens Gate | window mullions
15:48:42 | INFO: Blender create Mesh node 6 Queens Gate | window transoms
15:48:42 | INFO: Blender create Mesh node finite additional entry support
15:48:42 | INFO: Blender create Mesh node 25 Princes Gate | capital leaf blocks
15:48:42 | INFO: Blender create Mesh node 25 Princes Gate | central triangular pediment
15:48:42 | INFO: Blender create Mesh node 25 Princes Gate | complete seven-point concave roof deck
15:48:42 | INFO: Blender create Mesh node 25 Princes Gate | continuous stone balcony deck
15:48:42 | INFO: Blender create Mesh node 25 Princes Gate | continuous stone balcony handrail
15:48:42 | INFO: Blender create Mesh node 25 Princes Gate | Corinthian pilaster shafts
15:48:42 | INFO: Blender create Mesh node 25 Princes Gate | Corinthian simplified capitals
15:48:42 | INFO: Blender create Mesh node 25 Princes Gate | Corinthian simplified pilaster bases
15:48:42 | INFO: Blender create Mesh node 25 Princes Gate | door hardware
15:48:42 | INFO: Blender create Mesh node 25 Princes Gate | door recessed lower panel
15:48:42 | INFO: Blender create Mesh node 25 Princes Gate | door recessed upper panel
15:48:42 | INFO: Blender create Mesh node 25 Princes Gate | end terrace rusticated quoins
15:48:42 | INFO: Blender create Mesh node 25 Princes Gate | entrance leaves
15:48:42 | INFO: Blender create Mesh node 25 Princes Gate | entry transom
15:48:42 | INFO: Blender create Mesh node 25 Princes Gate | fifth-storey cornice brackets
15:48:42 | INFO: Blender create Mesh node 25 Princes Gate | first order window entablature
15:48:42 | INFO: Blender create Mesh node 25 Princes Gate | flush threshold
15:48:42 | INFO: Blender create Mesh node 25 Princes Gate | ground rustication arrises
15:48:42 | INFO: Blender create Mesh node 25 Princes Gate | Ionic capital volutes
15:48:42 | INFO: Blender create Mesh node 25 Princes Gate | Ionic porch abacus
15:48:42 | INFO: Blender create Mesh node 25 Princes Gate | Ionic porch entablature
15:48:42 | INFO: Blender create Mesh node 25 Princes Gate | Ionic porch plinth
15:48:42 | INFO: Blender create Mesh node 25 Princes Gate | Ionic porch shafts
15:48:42 | INFO: Blender create Mesh node 25 Princes Gate | low hidden roof parapet
15:48:42 | INFO: Blender create Mesh node 25 Princes Gate | painted sash frames
15:48:42 | INFO: Blender create Mesh node 25 Princes Gate | pierced muted masonry facades
15:48:42 | INFO: Blender create Mesh node 25 Princes Gate | plain brick plinth
15:48:42 | INFO: Blender create Mesh node 25 Princes Gate | plain eaves and floor course
15:48:42 | INFO: Blender create Mesh node 25 Princes Gate | plain entrance jambs
15:48:42 | INFO: Blender create Mesh node 25 Princes Gate | plain entrance lintel
15:48:42 | INFO: Blender create Mesh node 25 Princes Gate | plain sash mullions
15:48:42 | INFO: Blender create Mesh node 25 Princes Gate | plain sash transoms
15:48:42 | INFO: Blender create Mesh node finite porch support
15:48:42 | INFO: Blender create Mesh node 25 Princes Gate | recessed townhouse sash glazing
15:48:42 | INFO: Blender create Mesh node 25 Princes Gate | second-floor window hood
15:48:42 | INFO: Blender create Mesh node 25 Princes Gate | shallow parapet coping
15:48:42 | INFO: Blender create Mesh node 25 Princes Gate | stone balcony end piers
15:48:42 | INFO: Blender create Mesh node 25 Princes Gate | stone turned balcony balusters
15:48:42 | INFO: Blender create Mesh node 25 Princes Gate | stone window sills
15:48:42 | INFO: Blender create Mesh node 25 Princes Gate | subtle brick headers
15:48:42 | INFO: Blender create Mesh node finite entry approach from audited ground.001
15:48:42 | INFO: Blender create Mesh node 25 Princes Gate | window entablature dentils
15:48:42 | INFO: Blender create Mesh node 48 Princes Gardens | architrave head
15:48:42 | INFO: Blender create Mesh node 48 Princes Gardens | architrave upright
15:48:42 | INFO: Blender create Mesh node 48 Princes Gardens | central second floor pediment
15:48:42 | INFO: Blender create Mesh node 48 Princes Gardens | complete concave mapped roof deck
15:48:42 | INFO: Blender create Mesh node 48 Princes Gardens | continuous first floor balcony deck
15:48:42 | INFO: Blender create Mesh node 48 Princes Gardens | continuous first floor balustrade rail
15:48:42 | INFO: Blender create Mesh node 48 Princes Gardens | continuous mitred contained stringcourse
15:48:42 | INFO: Blender create Mesh node 48 Princes Gardens | cornice modillions
15:48:42 | INFO: Blender create Mesh node 48 Princes Gardens | cornice window hoods
15:48:42 | INFO: Blender create Mesh node 48 Princes Gardens | door leaf panel mouldings
15:48:42 | INFO: Blender create Mesh node 48 Princes Gardens | door leaf transom rail
15:48:42 | INFO: Blender create Mesh node 48 Princes Gardens | entrance glazed transom
15:48:42 | INFO: Blender create Mesh node 48 Princes Gardens | entrance head frame
15:48:42 | INFO: Blender create Mesh node 48 Princes Gardens | entrance jamb
15:48:42 | INFO: Blender create Mesh node 48 Princes Gardens | entrance stone head
15:48:42 | INFO: Blender create Mesh node 48 Princes Gardens | entrance stone surrounds
15:48:42 | INFO: Blender create Mesh node 48 Princes Gardens | estimated front rear roof parapet
15:48:42 | INFO: Blender create Mesh node 48 Princes Gardens | first floor bottle balusters
15:48:42 | INFO: Blender create Mesh node 48 Princes Gardens | first floor Corinthian shafts
15:48:42 | INFO: Blender create Mesh node 48 Princes Gardens | first floor French casement mullion
15:48:42 | INFO: Blender create Mesh node 48 Princes Gardens | front bracketed frieze
15:48:42 | INFO: Blender create Mesh node 48 Princes Gardens | front projecting cornice
15:48:42 | INFO: Blender create Mesh node 48 Princes Gardens | front rear coping
15:48:42 | INFO: Blender create Mesh node 48 Princes Gardens | ground stucco channel courses
15:48:42 | INFO: Blender create Mesh node 48 Princes Gardens | pierced wall lintel infill
15:48:42 | INFO: Blender create Mesh node 48 Princes Gardens | pierced wall piers
15:48:42 | INFO: Blender create Mesh node 48 Princes Gardens | pierced wall sill infill
15:48:42 | INFO: Blender create Mesh node 48 Princes Gardens | projecting stone sill
15:48:42 | INFO: Blender create Mesh node 48 Princes Gardens | recessed sash glazing
15:48:42 | INFO: Blender create Mesh node 48 Princes Gardens | sash meeting and bottom rails
15:48:42 | INFO: Blender create Mesh node 48 Princes Gardens | second floor balcony rail
15:48:42 | INFO: Blender create Mesh node 48 Princes Gardens | second floor balcony sill
15:48:42 | INFO: Blender create Mesh node 48 Princes Gardens | second floor bottle balusters
15:48:42 | INFO: Blender create Mesh node 48 Princes Gardens | simplified Corinthian leaf blocks
15:48:42 | INFO: Blender create Mesh node finite entry approach from audited ground
15:48:42 | INFO: Blender create Mesh node 48 Princes Gardens | timber sash side frames
15:48:42 | INFO: Blender create Mesh node 48 Princes Gardens | timber sash upper rail
15:48:42 | INFO: Blender create Mesh node 48 Princes Gardens | window hood corbels
15:48:42 | INFO: Blender create Mesh node 48 Princes Gardens | wood entrance leaf
15:48:42 | INFO: glTF import finished in 0.16s
15:48:42 | INFO: Data are loaded, start creating Blender stuff
15:48:42 | INFO: Blender create Mesh node 3 Princes Gate Mews | complete closed estimated mansard
15:48:42 | INFO: Blender create Mesh node 3 Princes Gate Mews | contained continuous mitred eaves
15:48:42 | INFO: Blender create Mesh node 3 Princes Gate Mews | deep inset glazing
15:48:42 | INFO: Blender create Mesh node 3 Princes Gate Mews | deep projecting stone sill
15:48:42 | INFO: Blender create Mesh node 3 Princes Gate Mews | door head frame
15:48:42 | INFO: Blender create Mesh node 3 Princes Gate Mews | door jamb
15:48:42 | INFO: Blender create Mesh node 3 Princes Gate Mews | door transom frame
15:48:42 | INFO: Blender create Mesh node 3 Princes Gate Mews | door transom glazing
15:48:42 | INFO: Blender create Mesh node 3 Princes Gate Mews | entrance stone jamb surround
15:48:42 | INFO: Blender create Mesh node 3 Princes Gate Mews | estimated rear rainwater pipe
15:48:42 | INFO: Blender create Mesh node 3 Princes Gate Mews | front and rear intermediate course
15:48:42 | INFO: Blender create Mesh node 3 Princes Gate Mews | ground transom rail
15:48:42 | INFO: Blender create Mesh node 3 Princes Gate Mews | inset door panels
15:48:42 | INFO: Blender create Mesh node 3 Princes Gate Mews | painted entrance leaf
15:48:42 | INFO: Blender create Mesh node 3 Princes Gate Mews | pierced wall piers
15:48:42 | INFO: Blender create Mesh node 3 Princes Gate Mews | pipe fixing collars
15:48:42 | INFO: Blender create Mesh node 3 Princes Gate Mews | recessed window bottom sash
15:48:42 | INFO: Blender create Mesh node 3 Princes Gate Mews | recessed window outer sash
15:48:42 | INFO: Blender create Mesh node 3 Princes Gate Mews | segmented low plinth
15:48:42 | INFO: Blender create Mesh node 3 Princes Gate Mews | simple entrance lintel
15:48:42 | INFO: Blender create Mesh node 3 Princes Gate Mews | simple stone window lintel
15:48:42 | INFO: Blender create Mesh node 3 Princes Gate Mews | soldier-course header blocks
15:48:42 | INFO: Blender create Mesh node 3 Princes Gate Mews | solid wall lintels
15:48:42 | INFO: Blender create Mesh node finite entry approach from audited ground
15:48:42 | INFO: Blender create Mesh node 3 Princes Gate Mews | tripartite mews casement mullions
15:48:42 | INFO: Blender create Mesh node 3 Princes Gate Mews | upper sash glazing bars
15:48:42 | INFO: Blender create Mesh node 3 Princes Gate Mews | upper sash meeting rail
15:48:42 | INFO: Blender create Mesh node 3 Princes Gate Mews | wall below recessed apertures
15:48:42 | INFO: Blender create Mesh node 10 Queens Gate Place Mews | casement meeting rail
15:48:42 | INFO: Blender create Mesh node 10 Queens Gate Place Mews | casement mullions
15:48:42 | INFO: Blender create Mesh node 10 Queens Gate Place Mews | corner brick piers
15:48:42 | INFO: Blender create Mesh node 10 Queens Gate Place Mews | door glass fanlight
15:48:42 | INFO: Blender create Mesh node 10 Queens Gate Place Mews | door handle
15:48:42 | INFO: Blender create Mesh node 10 Queens Gate Place Mews | door transom
15:48:42 | INFO: Blender create Mesh node 10 Queens Gate Place Mews | estimated hipped roof
15:48:42 | INFO: Blender create Mesh node 10 Queens Gate Place Mews | frame head
15:48:42 | INFO: Blender create Mesh node 10 Queens Gate Place Mews | frame jambs
15:48:42 | INFO: Blender create Mesh node 10 Queens Gate Place Mews | frame sill rail
15:48:42 | INFO: Blender create Mesh node 10 Queens Gate Place Mews | front rear eaves
15:48:42 | INFO: Blender create Mesh node 10 Queens Gate Place Mews | full polygon roof basecap
15:48:42 | INFO: Blender create Mesh node 10 Queens Gate Place Mews | inward eaves
15:48:42 | INFO: Blender create Mesh node 10 Queens Gate Place Mews | lintels
15:48:42 | INFO: Blender create Mesh node 10 Queens Gate Place Mews | pierced masonry
15:48:42 | INFO: Blender create Mesh node 10 Queens Gate Place Mews | plain first floor stringcourse
15:48:42 | INFO: Blender create Mesh node 10 Queens Gate Place Mews | projecting sills
15:48:42 | INFO: Blender create Mesh node 10 Queens Gate Place Mews | recessed door
15:48:42 | INFO: Blender create Mesh node 10 Queens Gate Place Mews | recessed glazing
15:48:42 | INFO: Blender create Mesh node 10 Queens Gate Place Mews | small brick eaves dentils
15:48:42 | INFO: Blender create Mesh node finite entry approach from audited ground.001
15:48:42 | INFO: Blender create Mesh node 10 Queens Gate Place Mews | threshold
15:48:42 | INFO: Blender create Mesh node finite entry approach from audited ground.002
15:48:42 | INFO: Blender create Mesh node 18 Queen’s Gate Place Mews | complete five-point roof deck
15:48:42 | INFO: Blender create Mesh node 18 Queen’s Gate Place Mews | door hardware
15:48:42 | INFO: Blender create Mesh node 18 Queen’s Gate Place Mews | door recessed lower panel
15:48:42 | INFO: Blender create Mesh node 18 Queen’s Gate Place Mews | door recessed upper panel
15:48:42 | INFO: Blender create Mesh node 18 Queen’s Gate Place Mews | entrance leaves
15:48:42 | INFO: Blender create Mesh node 18 Queen’s Gate Place Mews | entry transom
15:48:42 | INFO: Blender create Mesh node 18 Queen’s Gate Place Mews | flush threshold
15:48:42 | INFO: Blender create Mesh node 18 Queen’s Gate Place Mews | low mews roof parapet
15:48:42 | INFO: Blender create Mesh node 18 Queen’s Gate Place Mews | painted sash frames
15:48:42 | INFO: Blender create Mesh node 18 Queen’s Gate Place Mews | paired window center mullions
15:48:42 | INFO: Blender create Mesh node 18 Queen’s Gate Place Mews | pierced muted masonry facades
15:48:42 | INFO: Blender create Mesh node 18 Queen’s Gate Place Mews | plain brick plinth
15:48:42 | INFO: Blender create Mesh node 18 Queen’s Gate Place Mews | plain eaves and floor course
15:48:42 | INFO: Blender create Mesh node 18 Queen’s Gate Place Mews | plain entrance jambs
15:48:42 | INFO: Blender create Mesh node 18 Queen’s Gate Place Mews | plain entrance lintel
15:48:42 | INFO: Blender create Mesh node 18 Queen’s Gate Place Mews | plain sash transoms
15:48:42 | INFO: Blender create Mesh node 18 Queen’s Gate Place Mews | recessed paired mews glazing
15:48:42 | INFO: Blender create Mesh node 18 Queen’s Gate Place Mews | shallow parapet coping
15:48:42 | INFO: Blender create Mesh node 18 Queen’s Gate Place Mews | stone window sills
15:48:42 | INFO: Blender create Mesh node 18 Queen’s Gate Place Mews | subtle brick headers
15:48:42 | INFO: glTF import finished in 0.08s
/Users/yl222/Desktop/UrbanWorldModelVisualizer/geometry_expansion/scripts/build_expansion_batch.py:181: DeprecationWarning: 'World.use_nodes' is expected to be removed in Blender 6.0
  scene.world.use_nodes=True;scene.world.node_tree.nodes['Background'].inputs[0].default_value=(.65,.72,.8,1)
/Users/yl222/Desktop/UrbanWorldModelVisualizer/geometry_expansion/scripts/build_expansion_batch.py:28: DeprecationWarning: 'Material.use_nodes' is expected to be removed in Blender 6.0
  m=bpy.data.materials.new(spec['name']);m.use_nodes=True
Info: Saved as "master.blend"
15:48:43 | INFO: Data are loaded, start creating Blender stuff
15:48:43 | INFO: Blender create Mesh node finite porch support.001
15:48:43 | INFO: Blender create Mesh node finite entry approach from audited ground.002
15:48:43 | INFO: Blender create Mesh node 7 Queens Gate | arched frame
15:48:43 | INFO: Blender create Mesh node 7 Queens Gate | arched window spandrel
15:48:43 | INFO: Blender create Mesh node 7 Queens Gate | balcony balusters
15:48:43 | INFO: Blender create Mesh node 7 Queens Gate | balcony upper rail
15:48:43 | INFO: Blender create Mesh node 7 Queens Gate | complete mapped roof basecap
15:48:43 | INFO: Blender create Mesh node 7 Queens Gate | concave roof membrane
15:48:43 | INFO: Blender create Mesh node 7 Queens Gate | door glass fanlight
15:48:43 | INFO: Blender create Mesh node 7 Queens Gate | door handle
15:48:43 | INFO: Blender create Mesh node 7 Queens Gate | door transom
15:48:43 | INFO: Blender create Mesh node 7 Queens Gate | Doric column abaci
15:48:43 | INFO: Blender create Mesh node 7 Queens Gate | Doric column square plinths
15:48:43 | INFO: Blender create Mesh node 7 Queens Gate | first floor balcony deck
15:48:43 | INFO: Blender create Mesh node 7 Queens Gate | flush floor course
15:48:43 | INFO: Blender create Mesh node 7 Queens Gate | individual window consoles
15:48:43 | INFO: Blender create Mesh node 7 Queens Gate | inward eaves
15:48:43 | INFO: Blender create Mesh node 7 Queens Gate | lintels
15:48:43 | INFO: Blender create Mesh node 7 Queens Gate | low parapet
15:48:43 | INFO: Blender create Mesh node 7 Queens Gate | middle storey pilasters
15:48:43 | INFO: Blender create Mesh node 7 Queens Gate | mitred coping
15:48:43 | INFO: Blender create Mesh node 7 Queens Gate | painted joinery
15:48:43 | INFO: Blender create Mesh node 7 Queens Gate | pierced masonry
15:48:43 | INFO: Blender create Mesh node 7 Queens Gate | projecting portico architrave
15:48:43 | INFO: Blender create Mesh node 7 Queens Gate | projecting portico cornice
15:48:43 | INFO: Blender create Mesh node 7 Queens Gate | projecting sills
15:48:43 | INFO: Blender create Mesh node 7 Queens Gate | recessed arched glazing
15:48:43 | INFO: Blender create Mesh node 7 Queens Gate | recessed door
15:48:43 | INFO: Blender create Mesh node 7 Queens Gate | recessed glazing
15:48:43 | INFO: Blender create Mesh node 7 Queens Gate | simplified capitals
15:48:43 | INFO: Blender create Mesh node 7 Queens Gate | street cornice
15:48:43 | INFO: Blender create Mesh node 7 Queens Gate | tapered Doric shafts and echinus
15:48:43 | INFO: Blender create Mesh node 7 Queens Gate | threshold
15:48:43 | INFO: Blender create Mesh node 7 Queens Gate | upper cornice consoles
15:48:43 | INFO: Blender create Mesh node 7 Queens Gate | upper sash meeting rail
15:48:43 | INFO: Blender create Mesh node 7 Queens Gate | window mullions
15:48:43 | INFO: Blender create Mesh node 7 Queens Gate | window transoms
15:48:43 | INFO: Blender create Mesh node finite additional entry support
15:48:43 | INFO: Blender create Mesh node 24 Princes Gate | capital leaf blocks
15:48:43 | INFO: Blender create Mesh node 24 Princes Gate | central triangular pediment
15:48:43 | INFO: Blender create Mesh node 24 Princes Gate | complete four-point roof deck
15:48:43 | INFO: Blender create Mesh node 24 Princes Gate | continuous stone balcony deck
15:48:43 | INFO: Blender create Mesh node 24 Princes Gate | continuous stone balcony handrail
15:48:43 | INFO: Blender create Mesh node 24 Princes Gate | Corinthian pilaster shafts
15:48:43 | INFO: Blender create Mesh node 24 Princes Gate | Corinthian simplified capitals
15:48:43 | INFO: Blender create Mesh node 24 Princes Gate | Corinthian simplified pilaster bases
15:48:43 | INFO: Blender create Mesh node 24 Princes Gate | door hardware
15:48:43 | INFO: Blender create Mesh node 24 Princes Gate | door recessed lower panel
15:48:43 | INFO: Blender create Mesh node 24 Princes Gate | door recessed upper panel
15:48:43 | INFO: Blender create Mesh node 24 Princes Gate | end terrace rusticated quoins
15:48:43 | INFO: Blender create Mesh node 24 Princes Gate | entrance leaves
15:48:43 | INFO: Blender create Mesh node 24 Princes Gate | entry transom
15:48:43 | INFO: Blender create Mesh node 24 Princes Gate | first order window entablature
15:48:43 | INFO: Blender create Mesh node 24 Princes Gate | flush threshold
15:48:43 | INFO: Blender create Mesh node 24 Princes Gate | ground rustication arrises
15:48:43 | INFO: Blender create Mesh node 24 Princes Gate | Ionic capital volutes
15:48:43 | INFO: Blender create Mesh node 24 Princes Gate | Ionic porch abacus
15:48:43 | INFO: Blender create Mesh node 24 Princes Gate | Ionic porch entablature
15:48:43 | INFO: Blender create Mesh node 24 Princes Gate | Ionic porch plinth
15:48:43 | INFO: Blender create Mesh node 24 Princes Gate | Ionic porch shafts
15:48:43 | INFO: Blender create Mesh node 24 Princes Gate | low hidden roof parapet
15:48:43 | INFO: Blender create Mesh node 24 Princes Gate | painted sash frames
15:48:43 | INFO: Blender create Mesh node 24 Princes Gate | pierced muted masonry facades
15:48:43 | INFO: Blender create Mesh node 24 Princes Gate | plain brick plinth
15:48:43 | INFO: Blender create Mesh node 24 Princes Gate | plain eaves and floor course
15:48:43 | INFO: Blender create Mesh node 24 Princes Gate | plain entrance jambs
15:48:43 | INFO: Blender create Mesh node 24 Princes Gate | plain entrance lintel
15:48:43 | INFO: Blender create Mesh node 24 Princes Gate | plain fifth-storey front cornice
15:48:43 | INFO: Blender create Mesh node 24 Princes Gate | plain sash mullions
15:48:43 | INFO: Blender create Mesh node 24 Princes Gate | plain sash transoms
15:48:43 | INFO: Blender create Mesh node finite porch support
15:48:43 | INFO: Blender create Mesh node 24 Princes Gate | recessed townhouse sash glazing
15:48:43 | INFO: Blender create Mesh node 24 Princes Gate | second-floor window hood
15:48:43 | INFO: Blender create Mesh node 24 Princes Gate | shallow parapet coping
15:48:43 | INFO: Blender create Mesh node 24 Princes Gate | stone balcony end piers
15:48:43 | INFO: Blender create Mesh node 24 Princes Gate | stone turned balcony balusters
15:48:43 | INFO: Blender create Mesh node 24 Princes Gate | stone window sills
15:48:43 | INFO: Blender create Mesh node 24 Princes Gate | subtle brick headers
15:48:43 | INFO: Blender create Mesh node finite entry approach from audited ground
15:48:43 | INFO: Blender create Mesh node 24 Princes Gate | upper Juliet top rail
15:48:43 | INFO: Blender create Mesh node 24 Princes Gate | upper Juliet vertical bars
15:48:43 | INFO: Blender create Mesh node 24 Princes Gate | window entablature dentils
15:48:43 | INFO: Blender create Mesh node 85 Princes Gate Mews | closed upper roof slab
15:48:43 | INFO: Blender create Mesh node 85 Princes Gate Mews | complete six point original footprint deck
15:48:43 | INFO: Blender create Mesh node 85 Princes Gate Mews | contained continuous mitred eaves
15:48:43 | INFO: Blender create Mesh node 85 Princes Gate Mews | deep inset glazing
15:48:43 | INFO: Blender create Mesh node 85 Princes Gate Mews | deep projecting stone sill
15:48:43 | INFO: Blender create Mesh node 85 Princes Gate Mews | door head frame
15:48:43 | INFO: Blender create Mesh node 85 Princes Gate Mews | door jamb
15:48:43 | INFO: Blender create Mesh node 85 Princes Gate Mews | door transom frame
15:48:43 | INFO: Blender create Mesh node 85 Princes Gate Mews | door transom glazing
15:48:43 | INFO: Blender create Mesh node 85 Princes Gate Mews | entrance stone jamb surround
15:48:43 | INFO: Blender create Mesh node 85 Princes Gate Mews | estimated rear rainwater pipe
15:48:43 | INFO: Blender create Mesh node 85 Princes Gate Mews | front and rear intermediate course
15:48:43 | INFO: Blender create Mesh node 85 Princes Gate Mews | ground transom rail
15:48:43 | INFO: Blender create Mesh node 85 Princes Gate Mews | inset door panels
15:48:43 | INFO: Blender create Mesh node 85 Princes Gate Mews | inset upper tier recessed glazing
15:48:43 | INFO: Blender create Mesh node 85 Princes Gate Mews | inset upper tier solid walls
15:48:43 | INFO: Blender create Mesh node 85 Princes Gate Mews | painted entrance leaf
15:48:43 | INFO: Blender create Mesh node 85 Princes Gate Mews | pierced wall piers
15:48:43 | INFO: Blender create Mesh node 85 Princes Gate Mews | pipe fixing collars
15:48:43 | INFO: Blender create Mesh node 85 Princes Gate Mews | recessed window bottom sash
15:48:43 | INFO: Blender create Mesh node 85 Princes Gate Mews | recessed window outer sash
15:48:43 | INFO: Blender create Mesh node 85 Princes Gate Mews | segmented low plinth
15:48:43 | INFO: Blender create Mesh node 85 Princes Gate Mews | simple entrance lintel
15:48:43 | INFO: Blender create Mesh node 85 Princes Gate Mews | simple stone window lintel
15:48:43 | INFO: Blender create Mesh node 85 Princes Gate Mews | soldier-course header blocks
15:48:43 | INFO: Blender create Mesh node 85 Princes Gate Mews | solid wall lintels
15:48:43 | INFO: Blender create Mesh node finite entry approach from audited ground.001
15:48:43 | INFO: Blender create Mesh node 85 Princes Gate Mews | tripartite mews casement mullions
15:48:43 | INFO: Blender create Mesh node 85 Princes Gate Mews | upper sash glazing bars
15:48:43 | INFO: Blender create Mesh node 85 Princes Gate Mews | upper sash meeting rail
15:48:43 | INFO: Blender create Mesh node 85 Princes Gate Mews | upper window head sill frames
15:48:43 | INFO: Blender create Mesh node 85 Princes Gate Mews | upper window meeting rail
15:48:43 | INFO: Blender create Mesh node 85 Princes Gate Mews | upper window stiles
15:48:43 | INFO: Blender create Mesh node 85 Princes Gate Mews | wall below recessed apertures
15:48:43 | INFO: glTF import finished in 0.10s
00:06.561  blend            | Read blend: "/Users/yl222/Desktop/UrbanWorldModelVisualizer/geometry_expansion/output/batch17_v1/master.blend"
00:10.145  render           | Saved: '/Users/yl222/Desktop/UrbanWorldModelVisualizer/geometry_expansion/output/batch17_v1/princes_gate_24_front.png'
00:14.110  render           | Saved: '/Users/yl222/Desktop/UrbanWorldModelVisualizer/geometry_expansion/output/batch17_v1/princes_gate_24_entrance.png'
00:17.236  render           | Saved: '/Users/yl222/Desktop/UrbanWorldModelVisualizer/geometry_expansion/output/batch17_v1/princes_gate_24_roof.png'
00:20.253  render           | Saved: '/Users/yl222/Desktop/UrbanWorldModelVisualizer/geometry_expansion/output/batch17_v1/princes_gate_24_rear.png'
00:23.202  render           | Saved: '/Users/yl222/Desktop/UrbanWorldModelVisualizer/geometry_expansion/output/batch17_v1/princes_gate_24_context.png'
00:27.231  render           | Saved: '/Users/yl222/Desktop/UrbanWorldModelVisualizer/geometry_expansion/output/batch17_v1/princes_gate_24_additional_entrance_0.png'
00:30.278  render           | Saved: '/Users/yl222/Desktop/UrbanWorldModelVisualizer/geometry_expansion/output/batch17_v1/princes_gate_mews_85_front.png'
00:34.477  render           | Saved: '/Users/yl222/Desktop/UrbanWorldModelVisualizer/geometry_expansion/output/batch17_v1/princes_gate_mews_85_entrance.png'
00:37.616  render           | Saved: '/Users/yl222/Desktop/UrbanWorldModelVisualizer/geometry_expansion/output/batch17_v1/princes_gate_mews_85_roof.png'
00:40.495  render           | Saved: '/Users/yl222/Desktop/UrbanWorldModelVisualizer/geometry_expansion/output/batch17_v1/princes_gate_mews_85_rear.png'
00:44.063  render           | Saved: '/Users/yl222/Desktop/UrbanWorldModelVisualizer/geometry_expansion/output/batch17_v1/princes_gate_mews_85_context.png'
00:47.215  render           | Saved: '/Users/yl222/Desktop/UrbanWorldModelVisualizer/geometry_expansion/output/batch17_v1/queens_gate_7_front.png'
00:51.354  render           | Saved: '/Users/yl222/Desktop/UrbanWorldModelVisualizer/geometry_expansion/output/batch17_v1/queens_gate_7_entrance.png'
00:54.846  render           | Saved: '/Users/yl222/Desktop/UrbanWorldModelVisualizer/geometry_expansion/output/batch17_v1/queens_gate_7_roof.png'
00:58.306  render           | Saved: '/Users/yl222/Desktop/UrbanWorldModelVisualizer/geometry_expansion/output/batch17_v1/queens_gate_7_rear.png'
01:02.023  render           | Saved: '/Users/yl222/Desktop/UrbanWorldModelVisualizer/geometry_expansion/output/batch17_v1/queens_gate_7_context.png'
01:05.048  render           | Saved: '/Users/yl222/Desktop/UrbanWorldModelVisualizer/geometry_expansion/output/batch17_v1/overview.png'
{"objects": 116, "triangles": 28588, "roundtrip_bounds_max_error_m": 0, "numerical_pass": true}
Blender 5.2.0 LTS (hash fbe6228777e7 built 2026-07-14 01:31:22)

Blender quit
